260493, 17064, 3712473
313207, 18654, 5328560
423439, 20868, 6432851
37306, 13614, 703922
25976, 12630, 580341
733961, 24330, 10375793
107753, 18681, 1786028
97251, 16277, 2055841
33715, 14022, 681876
76562, 16273, 1235479
163270, 16196, 2228001
25814, 13394, 558726
259310, 19060, 3821647
24055, 11579, 550817
242239, 3603, 4226222
1564, 293, 79403
614656, 18784, 13472379
297660, 4352, 6724341
24613, 14380, 786321
716016, 22808, 10419531
28604, 14075, 710827
29459, 8591, 665236
156057, 14131, 2471240
24286, 10430, 505240
63118, 4547, 1319359
36303, 14580, 2096079
60905, 12354, 2359457
6024, 413, 192365
138969, 16434, 2596039
10294, 7720, 357979
37111, 12224, 1197781
18320, 6154, 497294
28704, 13490, 716852
91010, 9385, 2105239
29421, 12372, 1004758
19687, 6884, 636579
13334, 3027, 460331
8821, 4002, 362582
738, 202, 31659
593557, 19064, 15444162
526118, 21054, 14544751
20481, 6834, 528300
42256, 5749, 1051632
111213, 15634, 2682125
8055, 2751, 310137
82548, 16060, 1828333
29568, 13348, 756993
845587, 9410, 18305869
103101, 18230, 2195117
42690, 11896, 1030633
19538, 4981, 506083
5643, 1106, 156639
5808, 452, 164946
30491, 12738, 697742
866560, 23404, 16701115
18944, 9867, 986223
5899, 2536, 264315
275221, 4266, 10044030
10480, 4008, 533320
46100, 16112, 2085616
653423, 14957, 23068936
220801, 4196, 8090152
1740, 556, 83862
197424, 16480, 3499355
876554, 14752, 18720509
724594, 23296, 9897381
250603, 15173, 3638292
12300, 6270, 293479
1344, 2024, 68811
18859, 8614, 437201
61505, 12664, 1200270
163750, 17842, 2215077
1976, 634, 52382
342553, 19038, 4375605
392798, 22282, 7125259
32854, 12824, 798510
403012, 17786, 5507816
24631, 13376, 566057
104735, 13172, 1808520
168780, 19138, 2808260
628475, 18760, 8727307
16533, 4303, 371600
14731, 4215, 324933
277220, 15304, 3891549
94565, 16665, 1592602
452540, 20144, 8220194
11219, 4490, 386144
257259, 17588, 5320160
207866, 20700, 4086484
334639, 19128, 5355516
825, 309, 56144
48106, 10058, 852774
70314, 14767, 1129462
27408, 14072, 623383
125666, 18946, 2231926
340837, 17226, 5043750
67794, 9153, 1199001
137211, 16052, 2120672
57325, 18518, 1154376
75034, 12766, 1366980
165135, 19070, 2396393
17501, 6710, 386796
556491, 10811, 8798356
15694, 1633, 312405
176541, 18538, 2668593
136472, 14450, 2265854
309720, 19744, 4343866
1143289, 16640, 23218173
64282, 2748, 1890697
386580, 5241, 7782550
16129, 8584, 375923
148294, 17980, 2041443
14427, 621, 344138
40449, 5182, 831447
13171, 1376, 286760
2312, 599, 86558
43362, 15188, 954841
71502, 16162, 1411702
86494, 18896, 1681112
92991, 12978, 1850231
10011, 9882, 308027
317993, 19198, 4515943
420073, 19138, 5757556
121484, 13104, 2026375
52224, 12008, 1038674
1214258, 15515, 16839182
317758, 17354, 3827894
620, 150, 42264
11788, 3958, 244972
327404, 17338, 5065631
59372, 17565, 1134244
396043, 22180, 6105913
25752, 11918, 547217
14123, 3034, 292207
39093, 13676, 656293
149438, 16190, 2684097
786767, 22866, 11769338
18822, 4709, 441676
214236, 16972, 3492186
147367, 17320, 2618093
1989, 1408, 92303
27222, 4740, 487160
49401, 12158, 884397
20022, 7260, 410073
94677, 15050, 1612999
36454, 15940, 807265
74376, 18146, 1448331
12224, 6342, 281992
11073, 3035, 241332
2618, 3760, 109951
23562, 13368, 575712
184823, 16042, 2905947
685258, 10339, 9903722
28338, 8529, 574954
611658, 9148, 9533844
332294, 18846, 5701678
182524, 18282, 3115719
442967, 20624, 7085829
364799, 19164, 4319256
18139, 11896, 431277
139845, 21026, 2599167
23423, 4941, 456102
2473, 1747, 106518
30044, 10266, 625466
76568, 17803, 1314505
228777, 18278, 2652515
156683, 12458, 2510049
819772, 24364, 12012156
61603, 14916, 1115883
3909, 868, 127655
42352, 17546, 916943
334256, 17130, 5048935
296745, 21312, 5004319
184336, 17284, 2661023
9063, 1004, 209893
140051, 18540, 2360653
64063, 18938, 1382234
3212, 371, 98872
367505, 17800, 4998437
92453, 10928, 1707633
10901, 5798, 272893
697509, 16312, 10300948
627768, 20764, 8761377
1399031, 14425, 19905444
1241080, 14828, 18266030
196150, 18952, 3409810
251722, 22420, 4154937
128809, 15744, 2106057
511612, 21536, 7775729
72801, 17770, 1162913
241083, 19032, 3750537
241478, 15410, 3514642
546900, 19960, 6570149
13929, 4383, 323154
46326, 12622, 913647
90804, 18844, 1549356
37585, 18722, 811569
55611, 14522, 1183535
22500, 11128, 515266
14206, 7244, 365349
825277, 9201, 12766229
524423, 17786, 8645987
373323, 18072, 5945464
1654, 858, 89033
88383, 18494, 1437168
29605, 1040, 563028
10224, 1008, 227506
54825, 15183, 1119500
2327, 308, 70345
540939, 23148, 7981405
12769, 6908, 313341
27790, 8777, 557337
550, 98, 39175
1808, 560, 58231
29269, 7208, 565786
400105, 14113, 6255488
653756, 21842, 9275243
7765, 6754, 251900
594729, 23606, 8685044
68709, 17354, 1278381
34198, 16416, 825810
809571, 25258, 12049556
40257, 12292, 779353
1581, 2310, 91009
88687, 20234, 1628452
1023543, 15785, 15437701
63142, 18330, 1321181
829345, 15092, 12438438
17720, 10794, 423157
677693, 19750, 9495477
554614, 21012, 7307004
28556, 8375, 578206
1789, 1000, 66429
30298, 9516, 677087
2482, 522, 79538
305307, 15874, 4671108
2915, 1298, 107111
267886, 13214, 4036680
27405, 6786, 640943
48849, 11038, 1017934
538288, 21676, 6850767
66578, 17232, 1203648
112087, 11448, 2063554
42209, 13394, 982944
198130, 19202, 3170593
199268, 22218, 3327705
19207, 13364, 457208
32257, 16992, 769732
312653, 20222, 4979542
155660, 17544, 2633633
395753, 23504, 5931516
411197, 22076, 6492243
39597, 16077, 843005
43100, 10266, 896932
11697, 5272, 311144
18817, 4387, 400740
6131, 2402, 152850
22174, 13200, 544805
5125, 4756, 163288
32235, 1306, 648353
304040, 11722, 5095935
70987, 12304, 1268231
538321, 7339, 8027659
686519, 21244, 8583876
16366, 9186, 369765
576816, 22450, 8516597
42831, 13673, 914010
169245, 16152, 2583695
2215, 385, 69941
39760, 15110, 827924
12232, 6462, 287672
237040, 3601, 3767555
162643, 17922, 2222416
86375, 9440, 1454334
512263, 7155, 7887393
1346, 544, 72656
178268, 16504, 2362093
3552, 396, 89643
23618, 13596, 493836
294363, 6807, 4619075
13995, 9920, 368469
376363, 17109, 5857082
2313, 458, 80451
605873, 22490, 7937896
27298, 12353, 682642
4833, 1160, 127314
55996, 14172, 1164109
88640, 3640, 1653164
445754, 21786, 7164783
79169, 19010, 1403273
10462, 1030, 207659
357807, 22182, 5919386
741320, 23862, 9823896
1983, 411, 88197
158217, 19298, 2587581
26407, 1176, 470985
435808, 19708, 6038564
493656, 15378, 7309462
28740, 12248, 626909
143171, 19500, 2416006
637814, 21586, 8389168
67138, 9051, 1256615
355998, 23410, 5706185
37894, 1218, 724494
31959, 18218, 702587
76884, 16125, 1379560
1172, 243, 41984
27550, 13310, 579612
5418, 5088, 162109
216703, 17789, 3462906
135504, 19449, 2001187
435083, 17716, 5909853
855, 133, 49799
1135, 356, 31214
38291, 16437, 851251
262408, 5221, 4304281
182161, 18432, 2573212
131709, 18970, 2227060
223489, 18300, 3102025
22832, 15640, 531358
214520, 19388, 3278569
357468, 21214, 5375168
64570, 9361, 1105513
163865, 18926, 2332602
86812, 10833, 1532285
19648, 6097, 427862
5407, 1167, 128940
24843, 14410, 604482
380395, 19482, 5754579
438711, 6112, 6669214
24067, 1601, 466146
6134, 1078, 156191
525098, 6851, 8232342
50923, 15648, 1040302
125761, 15124, 2225796
69625, 17728, 1142878
92155, 18594, 1708534
1717, 2902, 78785
933680, 13829, 13845773
170589, 11159, 2633694
2578, 682, 81472
259115, 14466, 3709205
80173, 10612, 1410001
156377, 19076, 2577400
68953, 16432, 1387026
71540, 17750, 1351659
58631, 9400, 1160536
721645, 9167, 11109911
47088, 6584, 842351
118416, 15800, 2081861
84367, 12458, 1460241
117244, 18476, 2149607
66979, 14971, 1142345
511344, 18380, 6988176
1220238, 24738, 15142125
57449, 13850, 1139619
198212, 17340, 3284853
23174, 12992, 572886
399087, 6605, 6470839
2608, 5250, 123694
59512, 20308, 1224425
57359, 7815, 1099154
222332, 19072, 3307037
358229, 17038, 5039887
57837, 9178, 1021374
223448, 19262, 3594230
494047, 24082, 7134966
50909, 16766, 1019838
7704, 998, 175265
16249, 9344, 378956
16240, 8652, 405435
235854, 17298, 3860457
145180, 18890, 2213432
307327, 22386, 4816165
11082, 3210, 242190
11091, 1014, 257367
122171, 15674, 2158504
51442, 11318, 961328
269221, 18926, 3393737
27366, 12010, 582125
265409, 19440, 3652609
17902, 12090, 458564
77108, 14131, 1414769
335163, 20482, 4138949
108689, 17804, 1490828
7413, 2230, 168410
42316, 17770, 870466
416518, 18200, 5872824
476793, 17504, 6473937
217968, 21896, 3496705
25272, 5592, 501936
299056, 20280, 3735553
9139, 820, 189424
1903, 1443, 62328
218990, 19840, 3667912
435, 117, 29369
11278, 5526, 363395
393995, 19162, 5143011
3607, 4648, 132534
149755, 13716, 2480033
139605, 18740, 1966412
996833, 11849, 14447169
49211, 14274, 966641
210806, 6713, 3522386
85433, 13624, 1623880
188917, 8435, 3210387
259187, 18524, 3954931
195641, 19322, 2904875
748439, 8653, 10966264
152305, 17628, 2468450
19833, 10482, 442110
420866, 18966, 6497501
216148, 17418, 3337103
82927, 17033, 1481123
106010, 15266, 1916500
642802, 23932, 9449656
55475, 9409, 1032769
3161, 1932, 99074
18564, 6567, 396134
405067, 21176, 6574520
199972, 7142, 3154474
137556, 10903, 2062206
643529, 15929, 9640581
189025, 16758, 2616132
25706, 14064, 698131
18705, 4725, 406392
4117, 2088, 118005
2532, 650, 83941
567753, 22400, 8583028
34100, 18634, 767756
63237, 7948, 1282448
17627, 2035, 360046
273800, 15272, 4315171
79547, 9397, 1428112
594263, 18656, 7962477
22781, 6756, 492675
294951, 17834, 4426950
223677, 19162, 3223006
58621, 15537, 1116116
143738, 18966, 2191945
61414, 15868, 1286645
13967, 7762, 349267
6277, 1295, 150582
344209, 20034, 5004376
20739, 3764, 406245
9133, 4590, 228022
589, 286, 34297
66829, 13296, 1395358
376119, 7604, 6061151
19012, 4717, 386602
22727, 8936, 514756
193667, 16602, 2875247
82291, 15332, 1636442
166983, 18872, 3046338
112916, 18846, 1881848
113610, 15522, 2048963
134376, 2878, 2497291
37838, 15668, 863242
154716, 18582, 2205577
112142, 16860, 2050030
21412, 14112, 541861
70664, 18756, 1426465
221384, 16976, 3057336
15427, 9554, 378432
34271, 16318, 808112
17064, 11414, 436972
16792, 10324, 418603
173083, 21946, 3113066
27163, 12830, 555112
42564, 17658, 898916
34056, 4787, 679887
3033, 1884, 97994
22997, 8862, 470718
22259, 5965, 490115
112493, 17800, 1755637
406491, 22434, 6531703
151612, 15300, 2428858
611429, 13946, 9017927
38360, 14975, 814296
303991, 19566, 4156918
542654, 15118, 8385814
1247, 792, 73816
218133, 18060, 2769145
701521, 11770, 10045907
1025341, 25228, 13437715
17780, 3600, 380465
308448, 19026, 5186105
126238, 14190, 2263779
95175, 16546, 1537053
357299, 6601, 5810074
1093658, 15988, 15539482
427251, 16861, 6869198
22039, 4850, 433358
323432, 22484, 5275578
22343, 5588, 452911
54383, 8676, 1123648
1298, 446, 42067
213043, 18064, 3431780
61532, 19322, 1295074
30913, 1306, 623986
445111, 21296, 7095808
5190, 398, 136576
201875, 18788, 2919887
41451, 13108, 758246
17209, 3598, 328368
478828, 6923, 7760290
799260, 9486, 12288802
29194, 8236, 611115
73220, 17228, 1269142
448758, 15019, 6834883
13796, 7404, 320556
441905, 6130, 7203026
38312, 13310, 757076
3821, 941, 105659
792702, 9143, 11822712
55677, 18672, 1097675
86866, 12669, 1361003
714455, 15929, 10213793
77948, 10487, 1484670
33525, 15115, 712414
11543, 9988, 303906
6480, 475, 139765
199904, 6092, 3305481
102890, 14636, 1920544
517813, 11901, 8134341
39583, 17128, 879677
330656, 12443, 4868038
190057, 20532, 2595410
1699, 355, 57498
19402, 5590, 392164
60146, 13472, 1200929
601986, 21616, 8557980
327206, 18528, 3899048
4364, 2462, 125524
382346, 18998, 4861177
16812, 9824, 403216
162875, 20954, 3112498
2730, 1968, 93259
46283, 17176, 1020417
1009644, 24544, 14018475
131215, 17556, 2348186
46161, 4140, 827419
1294363, 15559, 19085047
51096, 17788, 1049935
14595, 2612, 281051
105529, 18692, 1924072
93199, 19600, 1659241
72104, 18970, 1357948
19867, 5750, 375886
40452, 11942, 871240
34057, 12430, 741045
32514, 14752, 758086
2531, 1616, 86563
503937, 8004, 8083296
13775, 8920, 343383
152550, 5987, 2748845
24031, 7539, 516989
77539, 18476, 1485900
140645, 12863, 2433505
5663, 990, 136612
1577, 794, 59362
17492, 3944, 366561
176773, 16954, 2601594
163214, 18386, 2894968
6606, 1116, 155360
110485, 13684, 1861962
112341, 14140, 2161312
76418, 18812, 1488340
12489, 6303, 309432
1030336, 23664, 12593148
510122, 6833, 8092482
235909, 14181, 3590935
172431, 14133, 2819440
121461, 19000, 2038113
893208, 9942, 12981843
54000, 14315, 966611
22870, 11894, 475377
49124, 10454, 872014
20098, 12972, 503183
2297, 1006, 66581
231662, 18194, 3204686
142966, 12844, 2334671
9835, 4482, 230761
823965, 23232, 10708192
23100, 11617, 674920
33041, 15045, 734123
50891, 1859, 1020331
64516, 7058, 1215495
7003, 3027, 171170
28183, 13407, 657917
65698, 16562, 1318080
23235, 6748, 515350
123340, 16754, 2108480
82755, 16778, 1311856
127239, 18226, 1957488
103864, 18232, 1800278
230769, 18536, 2855259
24211, 12300, 508779
56830, 3215, 1087814
68495, 18948, 1280489
46319, 13195, 940822
239641, 17313, 3894589
788, 340, 44667
6870, 1619, 148003
33070, 5194, 600082
20258, 5641, 388957
1070960, 11258, 15987544
480439, 20548, 7184372
167220, 13706, 2808317
73019, 8213, 1249273
200953, 17824, 3337512
30876, 15732, 714527
378002, 19430, 5121224
34221, 13455, 715487
617459, 13874, 8769421
17060, 1056, 342230
48298, 15028, 1006308
462217, 23326, 7351109
178907, 18872, 2928744
98537, 17646, 1636639
59379, 14630, 1173966
60776, 19000, 1279587
997335, 15787, 14525071
3442, 4640, 180959
900589, 23562, 11570505
4083, 4644, 174506
229643, 18930, 3223564
154069, 13310, 2628813
31279, 15755, 695630
455803, 6386, 7378900
384388, 18032, 5173268
32511, 15542, 756389
346900, 18922, 4372664
12054, 619, 253153
162753, 19812, 2342644
22599, 13098, 492876
353565, 18886, 5823681
177706, 18162, 3208129
96197, 13872, 1678049
126944, 4609, 2143664
53421, 7997, 1010558
50913, 13144, 1102139
118814, 13902, 2327952
59202, 15709, 1221037
65555, 17574, 1219298
128354, 16478, 2226532
38376, 18724, 893327
137815, 17490, 2124063
296383, 16906, 4291864
10128, 2336, 231889
57126, 7643, 1010199
51910, 17469, 1059562
19732, 5519, 397817
169110, 13030, 3048650
225107, 22552, 3613961
42023, 17071, 908958
219140, 18578, 3602039
79570, 16072, 1292919
97331, 16434, 1609115
976633, 25630, 14156108
64552, 15194, 1297124
205873, 17154, 2727611
1539, 291, 53456
151987, 15050, 2706089
26213, 12350, 549383
60427, 17452, 1229888
8308, 407, 175590
1085407, 10985, 15946261
242003, 19134, 3652375
24793, 10884, 567688
273116, 19278, 3658583
166556, 18282, 2204373
671219, 20916, 9680549
548722, 22692, 8491651
14383, 6700, 334446
183408, 17912, 2555902
291860, 20078, 4858049
257180, 15799, 3714301
356417, 22692, 5401042
262661, 12577, 4070857
398063, 7087, 6101129
251028, 15576, 4189906
1003840, 14576, 14559835
37005, 12247, 783936
186009, 14965, 2991770
1930, 1018, 69339
190940, 13757, 3058857
18121, 11224, 422657
11835, 571, 249016
244953, 16668, 3830033
1337102, 13106, 19223299
130887, 22278, 2314505
340991, 18906, 5293836
795274, 11302, 11756470
528891, 21152, 6942187
248579, 13384, 3700926
685167, 8357, 10388087
47616, 10190, 949467
902104, 22572, 11086030
115222, 14188, 2098682
5883, 732, 134898
9631, 1692, 204979
131185, 16810, 1834613
9741, 830, 201589
12532, 4424, 274712
9026, 1006, 190006
290493, 17512, 3810032
5968, 1395, 146920
57288, 11820, 1105376
80909, 18484, 1625666
1353, 356, 45735
3540, 816, 92966
210982, 19822, 3532960
77602, 15132, 1385495
166760, 17028, 2750907
17633, 4291, 394152
593849, 15819, 9077632
1011791, 24476, 13051310
1027, 210, 90247
181438, 22184, 3077541
96682, 14990, 1627502
179007, 13464, 2894977
357940, 18904, 5512520
20191, 11686, 486445
391857, 5431, 6527989
24172, 8978, 504916
1715, 3000, 79671
212103, 3393, 3648631
85934, 16626, 1748775
725, 563, 33803
21904, 13056, 521290
500069, 9603, 8155943
29097, 9566, 578984
57581, 16740, 1254083
102516, 13305, 1857213
22626, 11358, 568791
10343, 2276, 229514
85718, 14775, 1583348
34841, 16324, 719445
275278, 6120, 4476616
708858, 9604, 10821325
455905, 23498, 7293944
129554, 17838, 1651782
5280, 788, 132081
422783, 6847, 6460543
207868, 20666, 3476147
1338, 191, 49590
162801, 13250, 2728030
347807, 23170, 5870462
25644, 12722, 637088
563, 161, 21053
16582, 4116, 361079
49715, 14459, 1069913
66638, 15408, 1311194
475035, 17880, 6583213
1352, 474, 65497
68288, 19152, 1175392
209587, 3545, 3497829
65189, 17792, 1093536
576820, 17235, 8714795
1041115, 25454, 14046083
8962, 1993, 243404
292249, 19142, 4011409
1409187, 25872, 18161694
151221, 18406, 2848461
59512, 11660, 1256545
91664, 10777, 1700359
4430, 379, 109947
40495, 11060, 862513
35547, 15296, 770117
420897, 19468, 6213205
21371, 4353, 396800
601874, 21994, 8459227
43846, 8053, 867779
281627, 19558, 3912273
78213, 7458, 1490063
193592, 3192, 3486477
377206, 22318, 6061541
51151, 15160, 1125590
98757, 15200, 1822724
62276, 17034, 1154743
38073, 11772, 786989
143153, 14857, 2480151
159765, 15492, 2723388
108, 178, 21807
744309, 8499, 11165612
2673, 864, 116592
36905, 13620, 815542
37796, 10152, 770265
186312, 16602, 2819629
117230, 16396, 2189775
15676, 3594, 301604
151021, 16120, 2306107
267299, 18086, 3415365
18848, 10144, 442100
2710, 528, 62942
21389, 7315, 449609
71815, 13340, 1398230
25334, 15950, 621334
4702, 2006, 117599
62801, 10378, 1127454
10673, 5374, 229454
234625, 19052, 3006563
34388, 14108, 736324
15538, 8078, 370444
656303, 16782, 10264650
93824, 13008, 1732990
111328, 14946, 2135736
153763, 16902, 2466563
934758, 10349, 13686791
116804, 18296, 1955338
310661, 20486, 4897889
122406, 15008, 2152442
191323, 18934, 3044556
1799, 1104, 67549
29769, 1052, 544354
1084848, 14578, 15542050
344400, 14596, 5206960
10620, 589, 234015
100621, 13622, 1891373
130024, 16596, 2389782
159568, 13178, 2670412
307531, 21006, 5064993
986392, 24838, 14561872
13752, 7906, 431581
219635, 18582, 3250902
13850, 3197, 288727
71351, 21886, 1487189
273910, 22740, 4603808
1943, 1378, 76287
358451, 15029, 5053228
1566, 620, 70143
374520, 16947, 5712234
164808, 5380, 2635407
1174, 226, 45248
27798, 11484, 574710
403641, 5642, 6347843
61055, 16162, 1220077
525650, 20758, 7414412
34895, 5003, 691329
1975, 345, 54887
154307, 16952, 2680489
5075, 1550, 132229
686058, 21472, 10018758
131211, 15486, 2119061
1954, 214, 55622
53639, 3357, 957659
112250, 21794, 2013888
35765, 15159, 806298
61112, 15058, 1263412
31552, 12088, 714714
124, 230, 18323
212723, 18866, 3421849
33511, 11210, 704115
5481, 2964, 144369
300402, 7049, 5082083
2134, 462, 71802
81641, 15150, 1435477
88778, 13580, 1718643
7570, 1507, 167437
332729, 19710, 5304898
27860, 13157, 634197
27123, 8300, 594185
221833, 21336, 3863129
31839, 7792, 662469
4853, 810, 131503
16595, 11122, 423518
211116, 19106, 3398696
16308, 11616, 432844
23423, 10254, 543807
22920, 6563, 503057
125736, 11981, 2326058
411671, 18180, 6408078
142532, 17722, 2039885
32817, 10325, 731293
28710, 5784, 593978
28761, 8292, 616148
12243, 5340, 291066
20662, 6022, 461727
387493, 20340, 5338209
822120, 12742, 12471051
7919, 3772, 222886
11536, 1844, 218430
20268, 5922, 396561
150018, 17880, 3022206
408806, 19788, 10320077
37930, 13080, 968751
16930, 10486, 439391
775517, 21058, 12477761
220750, 18344, 3819911
37070, 11590, 811052
559162, 24102, 8613560
391249, 19166, 5192774
4853, 2046, 130403
4666, 4536, 137283
741604, 22830, 9254777
791890, 14701, 11781144
2075, 609, 102234
2495, 448, 83327
1433, 377, 41162
188993, 19782, 3707628
69404, 17755, 1588363
24762, 11755, 806612
63659, 15328, 1684152
5081, 1006, 143580
8846, 4107, 231233
5806, 1218, 140401
66584, 12524, 1291093
928548, 22822, 17818899
468, 274, 90813
103068, 14806, 3244030
33091, 12935, 1070676
72020, 14446, 1399753
64846, 10637, 1740084
13315, 4323, 378031
62782, 9004, 2994728
96277, 3323, 3104837
159175, 18818, 4861569
4922, 1952, 197230
34970, 15170, 1326202
29924, 1048, 966314
186865, 22404, 5828725
297777, 15648, 9544005
100541, 19988, 2519123
7459, 3628, 187425
179369, 17864, 2454814
82910, 17438, 1415581
42075, 14140, 785406
97586, 15234, 1450969
15689, 802, 262722
25440, 12978, 528009
402307, 21350, 6004776
3743, 808, 91630
681831, 22398, 8430520
41047, 3255, 754177
1450, 614, 62501
25271, 15502, 557655
42639, 16793, 825259
647931, 17320, 11202359
2889, 1626, 136647
188631, 16606, 3917766
264448, 18068, 4160372
926133, 16104, 16659583
43165, 5279, 1019813
27372, 4737, 586573
29692, 17010, 720670
178416, 18316, 2890732
16343, 9216, 459896
2084, 944, 75636
1396, 1614, 63484
2846, 480, 75174
10740, 1273, 229241
83022, 18280, 1701279
154731, 12277, 3075409
133322, 19968, 921208
54982, 18560, 336448
131592, 18916, 788221
112828, 15718, 630835
550753, 23660, 3396857
20407, 9914, 158260
20132, 5140, 131586
8671, 2944, 62340
44314, 18124, 303252
36786, 17732, 258485
308389, 19678, 1513897
139678, 18730, 739207
321663, 6028, 1882195
11131, 3625, 83191
249590, 19098, 1335007
226, 258, 7660
8384, 1797, 59548
375487, 13836, 2058357
168187, 3435, 1042497
318374, 18686, 1487689
20042, 10962, 158408
594915, 24224, 3389960
72176, 13098, 421575
7585, 3334, 57062
319216, 19404, 1784380
43195, 10836, 284259
1100, 420, 17633
20186, 6388, 137576
42558, 17414, 281449
393478, 22368, 2256774
25469, 1042, 158723
28629, 2007, 197639
11652, 1030, 105982
2075, 1380, 19498
574458, 22542, 3252884
4162, 1248, 46261
4712, 884, 33225
3715, 682, 26160
74977, 18298, 511001
715361, 23168, 4195907
142910, 12128, 894283
69938, 20148, 618411
300, 145, 4284
15480, 11310, 132699
14082, 6270, 110197
497839, 6939, 3265841
184365, 18474, 856581
292349, 21916, 1690973
220180, 15079, 1139552
57399, 18644, 364705
234147, 18968, 1258096
4760, 1084, 37189
243369, 17982, 1110173
2136, 276, 19647
293984, 18148, 1712719
594188, 7804, 3409503
37017, 18692, 259096
1424, 566, 15531
752307, 20866, 4399626
6935, 1619, 73353
19487, 3610, 151173
21422, 10959, 175405
155928, 21880, 960364
33058, 7168, 205892
14663, 3539, 115327
7838, 3552, 67286
9340, 2820, 73498
278264, 14430, 1488076
24145, 1056, 151481
1509, 590, 20013
98000, 8398, 581232
1208230, 25310, 6111755
641619, 16005, 3656410
775486, 23338, 3684320
101994, 11126, 646097
206836, 18768, 944941
193092, 18324, 1155136
314149, 21670, 1816069
299822, 19106, 1240143
6182, 1213, 49358
1302, 842, 13366
182277, 18328, 1137002
168418, 21810, 1018139
570961, 18836, 2938391
59849, 8772, 359234
2379, 955, 32082
60895, 13487, 404906
201247, 20110, 1091509
592083, 22002, 2672614
25183, 14158, 191066
13386, 786, 80746
95642, 17014, 591883
74996, 16090, 482025
71731, 14948, 448077
220833, 19672, 1197340
57765, 17750, 307007
283894, 18324, 1628342
155507, 15970, 905403
3221, 696, 24279
4952, 4952, 48065
2367, 573, 17590
312287, 4394, 1797089
11702, 7548, 98291
108950, 11581, 657521
226984, 18652, 1332363
17331, 10202, 132989
86403, 16758, 499637
79897, 10138, 453047
39686, 14309, 257262
2820, 516, 49323
109845, 17792, 539680
16813, 11064, 134588
675130, 22818, 3569073
75655, 15840, 460913
30516, 9025, 206717
8223, 861, 76640
463794, 22482, 2905486
3640, 3442, 61074
2310, 389, 35944
37975, 9297, 225197
180761, 18148, 840424
290517, 19064, 1554549
43251, 10490, 277562
11761, 2558, 78237
602975, 21792, 3223494
124505, 15886, 778909
50224, 14424, 282221
145288, 18352, 681388
222445, 3619, 1292604
8924, 686, 60762
533835, 14505, 3061565
33961, 13358, 233332
228355, 19010, 1067306
2169, 522, 30535
61138, 13224, 364329
175551, 15746, 1030319
516997, 19392, 2675696
267171, 19092, 1433435
8078, 1904, 61737
5966, 411, 38672
6440, 2978, 50378
7632, 6642, 67136
27514, 13782, 189164
1632, 243, 37634
128064, 10018, 730522
36979, 10204, 232813
78867, 11803, 500779
352362, 18676, 1960900
236587, 21188, 1219259
50644, 14494, 328462
43772, 9812, 262574
19130, 5271, 147363
513422, 20604, 2372995
223728, 13176, 1196896
8944, 2153, 65587
25782, 7903, 170023
2744, 672, 47009
21266, 12884, 156461
124540, 5712, 756734
18051, 9250, 130040
597535, 21948, 3199218
62879, 15608, 393540
35237, 10106, 221385
35650, 10144, 224876
484985, 22528, 2719244
438927, 10605, 2456434
359497, 17890, 1906495
88243, 18804, 466503
420622, 22260, 2380404
1184274, 25674, 6049805
14662, 8616, 128732
197347, 17518, 1128275
13069, 6950, 99383
45909, 14997, 276045
11712, 3207, 97019
2803, 646, 23457
96654, 10822, 598711
27610, 10566, 175418
485759, 10776, 2769080
218747, 17246, 1094880
349067, 20664, 2001127
11581, 804, 93665
33388, 18626, 228336
21156, 13054, 166559
8803, 2403, 78348
5560, 1224, 38003
1172869, 14173, 6671030
21018, 12508, 174839
8510, 3340, 72283
1250, 630, 11331
9513, 1309, 60907
129277, 18934, 733698
869474, 24524, 4808403
56589, 15606, 323204
14697, 4827, 101609
139555, 22056, 878839
2244, 572, 18130
81552, 18880, 497739
237505, 15541, 1270256
48583, 14328, 294804
1505, 414, 50494
27242, 12125, 186431
52996, 14410, 317126
1234, 385, 43038
76200, 10422, 479955
1513, 2430, 21013
237150, 19076, 1282260
140033, 15539, 858923
2276, 430, 27943
207368, 17527, 1116837
1091466, 16318, 6422898
220437, 17450, 1229101
332892, 19862, 1660325
142035, 18308, 891237
56422, 10070, 342575
385385, 7728, 2223350
39919, 9850, 250741
17696, 5647, 118668
500, 286, 8682
30916, 8668, 193398
8473, 2150, 60633
193692, 19066, 958047
186962, 16632, 1088893
734188, 23146, 3697272
2024, 150, 26564
3839, 1118, 27181
21957, 13198, 164419
158464, 19455, 875605
181461, 17884, 3913909
1278, 722, 988514
22167, 8956, 167065
22239, 9732, 858121
104968, 16116, 990716
135483, 18998, 724620
348386, 17212, 1840395
4887, 996, 40136
41219, 10538, 254170
758188, 15371, 4160427
1697, 311, 26813
555350, 21906, 2955892
605141, 20868, 3199604
13813, 6208, 109668
200022, 15002, 1082744
76975, 17679, 450889
20941, 9950, 149317
588444, 21976, 2671969
213070, 13196, 1312723
20757, 12912, 161541
683, 332, 8013
60043, 15585, 356721
4420, 946, 38957
21652, 6563, 143158
123736, 12097, 728848
177528, 17068, 1013329
26817, 8169, 178252
23006, 7609, 154681
69471, 13628, 394232
34768, 18618, 235594
273166, 16944, 1352253
36970, 10150, 235079
138074, 16350, 794192
132075, 14674, 783247
29248, 13342, 201388
36519, 1611, 213400
273156, 18384, 1153055
167816, 4270, 988614
851, 867, 13713
2061, 1768, 21845
378987, 18004, 1898252
46451, 14062, 300117
173125, 19228, 767685
99637, 22118, 626411
300107, 7632, 1699552
250284, 16263, 1440711
1455, 379, 15984
45533, 3305, 263027
76862, 13538, 405658
61441, 9918, 360540
30172, 9868, 187072
124545, 15239, 670832
3438, 1034, 27461
4370, 597, 29907
218394, 21408, 1264455
411839, 21268, 2295879
144139, 15772, 811900
14926, 12106, 124353
938291, 16742, 5309047
385654, 19176, 2254864
27969, 11052, 195430
3583, 802, 51936
93469, 12449, 517425
35917, 14850, 229367
41628, 16763, 300872
59691, 15363, 378598
876, 196, 8334
96880, 21854, 590831
551392, 21912, 3081597
864461, 9420, 4920388
464878, 21514, 2482993
1501, 601, 34316
12860, 3565, 88740
113807, 15650, 691487
885884, 14846, 5000067
19680, 2348, 134979
2880, 369, 25603
462, 274, 4550
7397, 718, 46745
469978, 22138, 2647064
106118, 18532, 698833
50929, 11240, 311004
17209, 11560, 132278
615085, 18532, 3170749
31997, 10232, 247058
93087, 13232, 605590
705571, 22194, 3524462
94314, 14193, 705945
908591, 25162, 4852156
23067, 12942, 185606
260939, 13947, 1373008
811, 332, 13000
1643, 429, 12432
17389, 4395, 118766
16947, 3027, 125246
46859, 18656, 289756
1267949, 15661, 6697106
5655, 2496, 64727
613388, 21040, 3201326
96595, 16066, 620509
504916, 21722, 2806646
401769, 19856, 1881893
138178, 17912, 703625
199161, 17926, 1216618
22028, 12326, 161095
22753, 9220, 157348
46776, 8179, 274510
70591, 13909, 435575
26611, 13222, 188745
13277, 1048, 83428
22938, 7130, 142337
130469, 20206, 761157
519501, 20398, 2630480
20172, 10390, 155736
71476, 15076, 420634
3910, 812, 60787
44567, 16342, 292240
367264, 18330, 1935732
11320, 1218, 88531
1346, 600, 11733
130037, 10761, 733988
35048, 14510, 231557
9498, 978, 84888
39684, 13322, 238692
33277, 10810, 219640
1049, 163, 13486
188707, 7336, 1095460
1246, 724, 15232
102553, 17340, 622618
571694, 17498, 3289760
91377, 17220, 591229
175818, 15758, 1043795
1221365, 24972, 5786265
38145, 10458, 245120
32329, 10802, 197419
304642, 21068, 1420325
21124, 8060, 154270
16593, 631, 103724
442685, 20386, 2496150
1253, 476, 18592
51520, 15410, 297646
332738, 18326, 1611490
9199, 3820, 75242
15010, 9756, 117704
311922, 15052, 1593758
121583, 19540, 632925
68654, 17087, 408813
125046, 17824, 635878
42306, 7785, 251763
80334, 10124, 503062
33235, 13704, 225778
1071738, 24636, 5745201
63211, 15339, 429525
56995, 7516, 376735
370962, 4973, 2114387
848376, 23774, 4218009
4450, 846, 45703
33509, 18634, 232079
88282, 2756, 560946
1032, 616, 12601
35757, 12510, 232351
32181, 16310, 220983
1419, 221, 39907
69618, 7661, 438437
780371, 21864, 4012198
254380, 5710, 1505275
14805, 6364, 110464
47759, 18460, 311043
27090, 8284, 176851
47525, 17830, 301575
73940, 16658, 393165
13904, 2847, 92755
41679, 16756, 266604
32646, 9092, 212014
14945, 3383, 113241
216735, 12921, 1161347
1446, 689, 19307
333537, 5720, 1940857
15290, 1056, 101577
13406, 7220, 100208
15040, 10886, 118199
10485, 2588, 86483
5199, 1218, 42581
9242, 4424, 70714
499117, 15461, 2877319
218462, 19138, 1057041
287011, 21094, 1288448
209565, 15203, 1152219
11792, 6030, 94219
224529, 18392, 1019391
17125, 12581, 138239
13584, 4564, 103724
195422, 17884, 861440
145396, 18944, 846926
460005, 22104, 2439096
38715, 15312, 258103
118799, 15057, 653447
17404, 4699, 115159
310878, 15765, 1696593
20203, 5575, 137436
96009, 14240, 591682
1232241, 15236, 7253960
56195, 20404, 380687
13472, 4942, 106650
115793, 17804, 627247
509400, 21354, 2873433
12979, 976, 92184
292423, 20526, 1500441
40743, 9115, 246173
157084, 18476, 915288
50272, 13446, 297876
774787, 16613, 4443906
296863, 19800, 1585856
226820, 15422, 1175477
7781, 8820, 80316
17943, 3391, 128506
456679, 24242, 2571846
179563, 17942, 799217
59119, 16554, 404622
21094, 6959, 140959
727, 760, 33460
23587, 7146, 156012
82427, 11522, 463784
5347, 698, 37910
131496, 17826, 550522
45394, 17502, 277754
93113, 10901, 580578
5559, 1955, 44874
64380, 7452, 368421
23498, 6645, 168738
33625, 9285, 207233
207314, 18094, 944116
51559, 18852, 315673
52328, 14948, 357740
191453, 19148, 925256
147615, 15406, 880627
2073, 494, 15848
53605, 16978, 317650
184142, 16206, 999463
10908, 2338, 77029
85497, 12616, 488074
96612, 18692, 581082
5237, 2892, 42885
125125, 4044, 763638
895613, 15198, 4915235
17617, 11322, 147225
561011, 22850, 3127225
9556, 2277, 77472
28676, 10500, 188612
15929, 1008, 119402
72053, 14062, 396273
389034, 5253, 2271760
96573, 16228, 609227
96547, 19124, 621719
18866, 3600, 125696
203178, 14618, 1139188
3430, 710, 34153
242232, 6665, 1401611
760488, 22994, 3729193
49471, 14068, 302941
46302, 10228, 285763
2122, 520, 50992
10626, 2451, 82854
25167, 5736, 157885
48599, 14388, 332245
20858, 10454, 148285
426031, 5708, 2454663
355151, 18756, 1480273
180137, 16290, 1142568
524042, 20608, 2544917
185068, 18226, 1112369
205567, 18858, 1191820
132431, 16770, 701347
36123, 4319, 217927
180542, 14496, 972065
352041, 21314, 1970971
163794, 5031, 974952
45710, 10680, 289392
223880, 18910, 1005329
340566, 20008, 1987625
26077, 8406, 179366
3116, 1386, 31556
11789, 6382, 89592
47615, 10762, 296827
74246, 18870, 456959
1149, 376, 10336
268198, 18114, 1587281
17484, 6212, 128450
82154, 19098, 494414
18967, 4507, 126435
46908, 1635, 284929
195591, 20094, 1161301
275026, 18326, 1631394
20724, 11222, 153643
50202, 8078, 282924
918431, 15691, 5197948
90704, 12854, 536035
134137, 18950, 740842
30193, 10822, 204832
9252, 4386, 78969
3250, 3521, 33178
190, 81, 1887
58424, 8918, 381084
75635, 17466, 463610
89329, 19924, 558894
35269, 14246, 275058
671865, 16443, 3832706
174619, 15740, 1038778
46293, 15552, 298840
268293, 22044, 1567499
81243, 18866, 477814
114390, 18684, 563964
45686, 15171, 280658
308228, 15452, 1684519
227330, 19138, 1158640
27809, 8080, 184218
239063, 16952, 1152562
133867, 14682, 791919
65642, 18878, 385862
481492, 21878, 2591013
4370, 808, 42223
328083, 22334, 1849617
14946, 1010, 98476
25192, 14678, 185257
51541, 18942, 333580
67890, 20460, 424825
34997, 1068, 219216
18255, 5665, 125365
24386, 15114, 180124
133239, 12621, 744081
8029, 1549, 57556
6952, 1367, 49179
17681, 8806, 135954
6390, 1166, 46041
68409, 13782, 412775
150515, 17196, 921515
5992, 1016, 43166
11537, 4891, 86392
5094, 884, 47326
26131, 8842, 173478
210610, 16740, 1000124
369732, 20626, 2049773
50367, 17740, 288130
27766, 17030, 200857
251437, 18542, 1114821
6558, 483, 45469
227709, 19012, 1263840
89306, 16865, 489497
37587, 1619, 220762
34798, 16190, 237927
34063, 15355, 229262
41208, 3442, 243694
261740, 17098, 1518379
2996, 756, 26641
225664, 3593, 1295926
23971, 7559, 160360
816150, 14289, 4609319
671641, 21772, 3667684
76048, 14350, 455860
210794, 20298, 1197413
150049, 16331, 907112
42490, 9758, 251208
274937, 16219, 1425426
26689, 15482, 198776
1120152, 12655, 6262843
4696, 617, 55543
137627, 18440, 767199
8988, 2271, 65363
669719, 21904, 3341153
46206, 5378, 288061
10176, 6314, 81896
698, 288, 7949
37034, 10753, 235396
38051, 13826, 255325
28464, 11908, 196629
34388, 14244, 221792
160880, 14105, 917894
7563, 1270, 53848
95292, 14512, 541610
10486, 5346, 81135
117508, 19018, 607830
40060, 5330, 241920
872685, 23610, 4287256
32746, 8302, 213814
211953, 15507, 1054837
287756, 20140, 1616645
29139, 8628, 192325
14519, 8364, 107860
12470, 619, 76878
63183, 11846, 450960
36340, 12948, 241631
42639, 10932, 284686
13042, 808, 86876
17707, 3696, 122421
813, 2620, 17571
112018, 12747, 751854
16036, 4723, 114888
351347, 12417, 2002825
376076, 18766, 1721078
339790, 14223, 1860496
649453, 9346, 3849645
166445, 11850, 914010
736983, 14916, 4388414
74606, 16533, 726626
5664, 827, 41593
1886, 1196, 19428
1985, 400, 17295
65787, 19728, 571577
351, 165, 12847
40076, 16199, 407014
64111, 18347, 561894
47872, 6842, 340367
14315, 3435, 147002
113205, 12517, 1014047
2474, 1249, 40110
341914, 19534, 2742945
15931, 9940, 206162
608569, 22002, 4442984
18344, 11156, 162574
37412, 15804, 271969
117810, 21354, 764534
127186, 16888, 745896
20867, 9260, 160681
246499, 10192, 1535828
21738, 7143, 199856
447863, 20818, 2071003
212531, 22010, 1320908
5492, 1309, 48584
23981, 7521, 178592
14735, 3932, 121305
75996, 10831, 494569
67285, 17800, 417819
16193, 3816, 113842
2424, 1078, 44709
1194, 168, 9492
30616, 16954, 216226
63599, 15729, 441407
66223, 4914, 430775
10575, 2482, 74703
107689, 18772, 582780
5695, 1277, 42429
498092, 21146, 2824338
379619, 5215, 2269523
10214, 3188, 81136
75757, 18818, 426804
932576, 15455, 5373953
34805, 15001, 273401
37514, 17281, 273138
23960, 7346, 164698
2167, 292, 18232
1328, 564, 12918
1156167, 13773, 6654057
102248, 13722, 758848
102229, 13590, 700542
221972, 22684, 1679301
48810, 18860, 354598
45252, 1639, 331526
71412, 17966, 499498
283864, 16135, 1789745
1424315, 15290, 8611648
2246, 237, 43347
233248, 16550, 1383552
602561, 22020, 3188024
110034, 18748, 598484
1436363, 15010, 9442599
55556, 13246, 383098
23490, 13380, 208645
1547, 822, 15543
740563, 21910, 3838329
181377, 20212, 1133501
17427, 948, 148509
380382, 14074, 2536119
7982, 1456, 83913
208676, 18564, 1322370
27999, 13020, 217223
22554, 6555, 155320
104550, 17890, 517617
81812, 18284, 500132
1101369, 16000, 6643901
28458, 10640, 234047
260689, 14358, 1424817
22288, 8782, 163968
251843, 15380, 1426920
1597, 634, 20759
951065, 23782, 4996697
834616, 9336, 5670851
214950, 4462, 1433580
8095, 1943, 79433
395637, 17966, 2833325
718926, 23724, 5264701
269370, 18360, 2026722
190698, 17894, 1177363
28040, 12012, 289808
30652, 15111, 266684
84805, 17748, 452985
45631, 10120, 426709
189441, 16736, 1240900
499464, 19098, 3711272
159309, 17974, 879959
44638, 8711, 357929
50309, 14029, 390146
207126, 6545, 1556127
139400, 17956, 920435
20482, 7538, 186902
221043, 20778, 1481566
34260, 16738, 300210
1847, 225, 39736
343989, 21106, 1955751
43770, 12649, 314311
28152, 9164, 229671
116589, 19835, 716014
264811, 19090, 1687516
92152, 10318, 678502
12048, 6736, 106198
16177, 7128, 125439
40666, 12932, 292447
1730, 227, 50309
221969, 18684, 1185084
16094, 3844, 118219
46593, 14627, 336003
88991, 12884, 631617
36004, 13640, 274262
2942, 2179, 43265
196113, 19442, 1353949
233603, 20398, 1272853
10017, 6720, 94982
79432, 18876, 506196
53294, 14591, 417920
26623, 12882, 216092
180596, 18632, 1064575
42553, 16623, 393626
951118, 24888, 5241755
32903, 17504, 260257
255931, 21868, 1563791
11154, 5324, 109139
527608, 21224, 2588384
83139, 7675, 537762
35849, 17022, 260824
401769, 21192, 2466750
58215, 18496, 396293
28634, 15210, 218702
283830, 4340, 1764389
150002, 17880, 663940
21562, 3384, 138827
216829, 13768, 1121849
12880, 10186, 115498
44276, 7990, 266302
53210, 17476, 358707
258492, 12547, 1533665
246707, 15242, 1515206
46993, 16799, 291904
23823, 6815, 169774
118493, 10887, 636134
45203, 18742, 303691
22790, 11706, 171161
220539, 18930, 1270383
500780, 19478, 2834690
35204, 15320, 262987
27441, 1440, 167109
22969, 7470, 165122
15178, 1040, 118608
44400, 6265, 270663
38915, 13920, 261162
21855, 11186, 162209
16646, 5040, 133619
10584, 9204, 92437
410700, 22498, 2446176
12443, 3720, 102395
120447, 16334, 833973
148696, 15706, 1009529
145810, 18172, 773270
642, 104, 8446
1426, 382, 10832
74638, 20048, 531322
30881, 12990, 222386
22857, 5985, 152525
134479, 14680, 804601
191991, 15107, 1088600
687735, 21834, 3018263
5055, 982, 45355
50067, 17832, 301702
14732, 1000, 123674
3156, 870, 45201
126245, 17914, 676108
1920, 463, 14941
96585, 19050, 494906
2365, 1340, 19628
898448, 15599, 5072374
167921, 18108, 777726
51816, 17254, 333412
56466, 16556, 326367
221228, 17286, 1126219
165475, 7252, 986708
35173, 13612, 218276
11513, 758, 92271
381, 117, 5114
2162, 1903, 19147
1364, 414, 9740
128267, 18752, 834152
5491, 2814, 41854
2012, 398, 12842
11617, 5298, 80197
103156, 18892, 602911
722, 338, 7495
90290, 18768, 483409
224867, 19040, 1248717
95784, 18984, 555913
61219, 16409, 416720
102757, 17784, 495816
19601, 9468, 136698
213057, 20368, 1234836
3377, 756, 23876
3456, 688, 22444
16320, 9622, 117530
559737, 7942, 3194663
13822, 7360, 108293
525, 286, 30470
63394, 16314, 386828
1323980, 13048, 7058295
368411, 7983, 2155319
10716, 5412, 82962
15530, 6718, 106521
37923, 9483, 230510
367915, 21244, 2109014
2057, 496, 20411
52213, 12516, 315244
307892, 4410, 1775207
76610, 19282, 458646
261757, 15342, 1339286
23246, 7546, 155855
6765, 1652, 66512
288780, 15275, 1498767
302159, 15081, 1592719
28114, 8444, 183344
61218, 2810, 416410
33375, 15423, 221653
16171, 3185, 119430
448092, 20038, 2417456
280687, 18298, 1291515
90342, 15078, 519432
30115, 17700, 212210
954983, 16541, 5269811
31196, 17866, 233154
323945, 18210, 1492914
467678, 17806, 2498702
295735, 22344, 1695111
127590, 11929, 744188
78901, 17594, 462374
4087, 886, 29434
123538, 16328, 724287
98806, 12838, 581373
16017, 3598, 106680
15497, 9762, 120268
135421, 3621, 789275
1182, 636, 16541
2379, 518, 17732
394091, 19210, 1940697
159343, 17946, 941171
145343, 18928, 829235
813434, 24348, 4198386
149156, 17108, 716321
6192, 5678, 59494
102207, 18806, 584066
3275, 810, 27956
79970, 9918, 498555
24957, 7788, 166501
1904, 2623, 38600
57642, 19226, 404498
133247, 15026, 798924
96683, 17028, 602452
56136, 12123, 382479
719, 106, 7575
37958, 15467, 293289
129497, 13406, 760091
483064, 16705, 2774342
2234, 504, 26382
13089, 6214, 93586
26032, 12414, 182358
127614, 14593, 718596
15464, 8640, 119244
102021, 18904, 586748
417520, 21474, 2381035
642262, 21420, 3824908
17937, 10746, 147321
76013, 12573, 476139
9356, 2048, 64743
69844, 12146, 408099
222950, 21918, 1298582
21302, 12902, 168388
184323, 18962, 991558
55377, 15768, 389979
27146, 8254, 178253
1125685, 15615, 6382503
58350, 18266, 365467
330972, 17916, 1850181
11737, 6354, 93045
463215, 19718, 2093412
7957, 793, 56456
166, 234, 2446
1143, 348, 10905
20469, 1044, 123800
8741, 6802, 77168
99568, 18002, 531888
18510, 820, 110418
2720, 640, 51340
219264, 18570, 1238785
2679, 752, 23065
1368, 470, 11067
68925, 9328, 418691
15953, 3001, 104787
101191, 15416, 647456
15384, 8816, 115609
39308, 13460, 252915
56624, 14469, 377894
96170, 11098, 591767
105293, 11691, 648691
374197, 19160, 1861532
10155, 2457, 75471
8309, 2709, 73863
345986, 17022, 1757081
93492, 18066, 498727
100743, 19122, 609753
443087, 22066, 2426599
214018, 18106, 1065630
854, 300, 11897
48074, 17598, 278564
26451, 7360, 172379
100078, 10372, 553755
425585, 19472, 1897993
6596, 1227, 51371
218180, 18376, 1317857
19282, 4980, 129907
416171, 14545, 2289710
143973, 18638, 838851
20562, 6681, 143203
117574, 18404, 751313
235963, 19174, 1194941
1089, 432, 37186
635580, 19658, 3305179
73, 51, 14271
24811, 11564, 172948
306430, 22576, 1745191
16336, 10794, 130651
7814, 974, 72571
103551, 15154, 548505
56341, 18066, 380994
222510, 17916, 1050153
1222479, 15370, 6891097
1252, 1386, 40604
49662, 12694, 280559
37082, 16344, 250345
295808, 16835, 1704776
49545, 14384, 325766
1183229, 25788, 6124655
257564, 3821, 1524583
17360, 4915, 119288
40702, 6255, 244580
2241, 518, 49564
3443, 1084, 25878
703807, 22082, 3518167
123769, 18946, 688970
825318, 9388, 4844453
702253, 22294, 3711161
110966, 17458, 655654
2226, 766, 18775
27166, 12668, 187152
2900, 536, 45115
440019, 16255, 2608962
54650, 11376, 384410
21172, 13162, 158899
1208, 368, 31879
74922, 17760, 422412
277436, 16572, 1501675
50673, 18750, 317758
26366, 16228, 193661
112032, 12788, 693053
83419, 10818, 521717
5157, 920, 36563
325397, 19058, 1413993
10910, 5632, 87217
17178, 9470, 124115
244925, 18990, 1364708
348326, 21612, 1896122
53797, 13320, 343945
3817, 1114, 30287
511824, 15024, 2943502
25770, 12432, 185775
771, 247, 34429
25086, 8015, 164150
36791, 15166, 243753
16855, 7466, 121062
128371, 22392, 772034
22591, 2634, 135515
116805, 12388, 671188
451, 238, 6311
57691, 14642, 402342
477877, 17630, 2565903
30688, 1290, 188456
660534, 22050, 3228100
43421, 13892, 283868
524130, 22338, 2584530
198822, 19062, 1021281
204848, 15518, 1088794
266668, 22290, 1532858
838274, 15071, 4607887
1238, 172, 27516
1194420, 15563, 6828668
10092, 3758, 93436
26851, 8167, 176804
17158, 9987, 127660
308409, 19822, 1551238
4527, 1002, 37732
660104, 21922, 3684650
11967, 9408, 111286
645337, 17347, 3678802
65381, 13240, 381565
10811, 2346, 78341
25890, 10332, 174637
15613, 1014, 93152
1175, 240, 14827
21310, 7612, 137979
14483, 6798, 105647
84733, 8392, 495684
70538, 10983, 423260
149505, 17698, 858238
9594, 4346, 74187
51547, 17608, 297640
35514, 10022, 224091
827, 346, 37207
65748, 9814, 395810
1278066, 26004, 6768418
30620, 17070, 233037
508249, 21592, 2775712
304, 976, 17745
605978, 22230, 3403744
2391, 542, 28683
712596, 22556, 3166269
2295, 877, 33948
109092, 18068, 619678
682, 132, 7173
3958, 986, 29288
22951, 1591, 136884
25686, 7969, 166849
1046961, 11286, 5945996
46598, 18700, 316443
54782, 18512, 378762
957772, 15697, 5381586
502967, 22088, 2736535
17733, 11072, 140518
65680, 16836, 429627
2067, 433, 15525
976653, 13040, 5495867
37621, 14122, 265367
15035, 8890, 112165
16813, 8552, 121767
127719, 19096, 766065
170748, 15282, 1027676
30288, 15038, 211629
42834, 10248, 268869
31171, 15303, 215691
69239, 11048, 450289
19616, 11230, 164643
396998, 19810, 1714694
17012, 5012, 121239
2721, 3766, 41523
406542, 20830, 2082602
137244, 17868, 692020
280089, 19428, 1529712
300527, 16827, 1754189
1023901, 11536, 5796288
2904, 1626, 43640
61065, 8404, 402732
20007, 5552, 129727
966008, 10437, 5549956
21429, 5550, 156259
118842, 20078, 748921
56154, 18640, 320656
64447, 16165, 421160
252903, 14581, 1352942
213796, 18452, 987545
122095, 14886, 668616
10798, 10588, 99941
64763, 14046, 417916
202746, 13554, 1036823
10989, 2798, 78581
63384, 13874, 427179
51446, 18358, 321764
7532, 561, 79023
20353, 7240, 137381
178723, 18012, 853984
36111, 1577, 214960
469267, 21492, 2078848
4134, 3536, 45954
48854, 12084, 298386
48765, 7002, 290698
778356, 23162, 4069783
1414002, 14682, 7915561
14184, 8816, 134152
4178, 852, 53724
405085, 19150, 1825324
257293, 18076, 1546694
302095, 6979, 1771156
47255, 13122, 297155
737619, 12376, 4070837
7703, 3273, 99045
1265836, 26108, 6387663
16019, 4112, 130878
86674, 14069, 471610
288057, 19222, 1361290
935879, 23094, 4198032
32593, 9272, 227468
310383, 7598, 1797535
6565, 619, 50464
9392, 7186, 80733
7595, 1922, 69753
111259, 17954, 642268
245685, 19034, 1288884
7977, 1910, 64821
7287, 1379, 49448
712954, 23218, 3985670
349180, 22292, 2000530
8613, 2212, 67195
17269, 7226, 117131
679196, 20806, 3540141
2110, 578, 29294
3670, 593, 26875
152, 224, 2219
309649, 18240, 1667803
52173, 12214, 328110
161154, 16800, 844697
6906, 477, 46479
317975, 9900, 1822775
29916, 7751, 192728
156966, 20608, 975557
9101, 1989, 67249
636554, 19332, 3485758
130268, 21112, 817524
829483, 23208, 4173041
3783, 299, 43354
143149, 12426, 822941
99209, 19214, 585021
4633, 794, 34154
11474, 1070, 71006
22544, 1655, 134022
127490, 13408, 736001
37361, 9122, 235534
772354, 22814, 3939812
63795, 9402, 443198
34543, 17120, 236915
342767, 22048, 2045905
153388, 4386, 924626
7514, 6614, 71557
19539, 10966, 141786
254592, 19316, 1460571
38452, 13872, 260864
244381, 14636, 1273751
156642, 13627, 910997
2110, 1156, 21792
40946, 15280, 290124
33832, 3035, 199497
34161, 15404, 237136
38953, 15585, 294367
19731, 5692, 132330
67593, 10157, 430812
95042, 12324, 588340
946063, 24696, 4750963
9366, 2102, 81125
1107, 368, 10118
294801, 14680, 1532224
444342, 23096, 2470331
66823, 15325, 389464
67905, 10252, 479643
55723, 17950, 319270
61924, 18796, 361824
101300, 19346, 614509
252625, 17022, 1426569
32629, 17078, 222047
26083, 13694, 189428
840256, 24502, 4813936
136478, 13308, 759790
103070, 18758, 635414
156106, 13620, 858861
95371, 15548, 524312
21075, 6172, 141974
18199, 8974, 131216
45958, 5424, 272813
42843, 16552, 257105
233502, 20232, 1072895
63647, 8012, 392265
745139, 22778, 3725760
3142, 630, 41226
1497, 598, 13064
119732, 14004, 704971
3571, 2204, 32853
26607, 11797, 181933
1351, 391, 14858
569728, 20286, 3091626
970008, 24972, 5184354
26171, 844, 168824
47234, 14010, 300594
14162, 1132, 95484
277423, 17480, 1596273
8347, 3364, 68012
6264, 619, 58280
58116, 18692, 383128
19365, 4707, 128676
167158, 22622, 992290
164217, 17160, 804813
87806, 2091, 549778
26513, 10696, 181501
71693, 9413, 427826
426979, 18494, 2624766
178774, 13096, 1042383
771395, 17206, 4234380
1008957, 25250, 5125738
114153, 18830, 610305
20007, 2689, 123129
170121, 20472, 804966
29088, 2598, 174834
216218, 6559, 1255035
266816, 19076, 1407793
47989, 6419, 283683
71821, 4543, 468228
132536, 13413, 779021
37145, 15133, 246894
40804, 7793, 251852
478616, 8971, 3099123
54442, 6696, 369237
361217, 19680, 2024077
186489, 22402, 1094129
33427, 4959, 201373
390197, 19192, 2003518
43030, 15528, 284652
24290, 1040, 165904
326905, 19104, 1579048
9445, 2168, 70891
420958, 23020, 2426310
49213, 8458, 304830
3229, 282, 32360
145889, 16424, 756685
249962, 8051, 1479393
3582, 1356, 31845
94582, 19212, 504165
68966, 17816, 452772
571132, 22490, 3224135
48204, 17086, 321419
29339, 6856, 186109
32967, 16194, 229132
10484, 4652, 87898
320514, 20211, 1605347
1557, 294, 17121
896826, 23832, 4487520
34862, 18876, 257530
547525, 9558, 3243826
30030, 13238, 221267
1094601, 25742, 6119780
107128, 13832, 646946
9175, 7746, 82582
77810, 10218, 456982
1047, 223, 10077
1669, 656, 14035
516320, 22628, 2833201
394376, 21060, 2110469
2491, 666, 24553
69986, 15326, 462987
13768, 1008, 87027
78521, 17804, 515387
8782, 3796, 67012
3264, 517, 41435
1629, 550, 11665
4932, 338, 34393
2910, 1529, 26154
561451, 16258, 3590311
1580, 153, 23540
1575, 936, 14545
110217, 18693, 622604
58526, 17756, 377142
80190, 14430, 483792
39281, 19156, 272676
518571, 17782, 2651684
319391, 17128, 1748780
229670, 17480, 1106662
41708, 17480, 281854
39703, 16583, 299961
20862, 13304, 184471
3499, 619, 24736
61083, 17052, 415933
205413, 11624, 1105906
26399, 14200, 191073
75080, 19012, 450706
10374, 2421, 75145
812115, 23220, 3990806
47336, 6651, 294007
504715, 20176, 2207640
47039, 14221, 292916
51077, 14952, 335712
1254, 536, 11690
87232, 12031, 510897
54299, 15199, 357318
53330, 16075, 320886
202459, 16904, 1190544
701655, 23798, 3910763
17919, 10806, 145447
17207, 11604, 132438
50083, 17902, 311190
11916, 3537, 84033
101966, 18138, 580512
253606, 19582, 1438891
19419, 6568, 136792
256794, 17790, 1320804
137093, 19188, 828177
724807, 16959, 3995959
89844, 17960, 524708
338064, 5149, 1950035
117418, 18032, 577273
271042, 19800, 1550558
12824, 6848, 100280
472738, 6733, 2754470
94439, 11216, 585182
1308162, 26034, 6597542
1580, 660, 36193
394447, 21946, 2252759
35362, 15303, 241395
963537, 22654, 4977454
246730, 3783, 1441720
119956, 16016, 647862
39139, 12206, 250367
5174, 970, 40840
87619, 11826, 532490
83396, 16726, 455315
62256, 17218, 401366
228, 262, 4387
95400, 17490, 570739
194494, 15231, 1040968
109777, 13608, 653408
421257, 13721, 2397589
16248, 9868, 128461
29054, 15043, 201814
176020, 16768, 1058187
40288, 13342, 259796
11915, 2988, 81537
364941, 18834, 2025501
32341, 14470, 226371
129400, 19118, 743573
264691, 17918, 1301943
53768, 7440, 314064
202765, 14512, 1074387
235170, 14820, 1368086
213479, 14757, 1165831
2829, 470, 25028
158140, 8454, 910326
11961, 3284, 86264
94548, 15895, 525428
195056, 14249, 1073458
53032, 13166, 311222
9940, 4822, 74510
77054, 15874, 490638
22941, 14962, 171524
3498, 1036, 24483
319340, 18922, 1539209
28645, 8578, 236664
475256, 22420, 2628710
22979, 12492, 177156
2131, 486, 17527
71699, 18732, 418823
199103, 16917, 1183971
948, 430, 12391
25089, 7490, 164233
11648, 5701, 91894
1856, 407, 34668
467416, 22162, 2649593
226570, 16263, 1241160
23337, 7346, 156731
205266, 19028, 1055642
117767, 16488, 759662
391161, 18540, 1990120
19982, 11140, 149198
56333, 12200, 389272
224924, 15338, 1239828
19583, 8818, 142391
36560, 14498, 243687
529702, 22776, 3003688
15356, 2192, 103734
667432, 16979, 3768396
30548, 1418, 190570
1304, 2088, 37090
50858, 15112, 301425
126082, 14478, 752607
1033068, 16047, 5834238
1239654, 15751, 6948232
46748, 17331, 316789
3558, 892, 50988
995197, 15915, 5673134
9547, 4302, 89881
221, 652, 23793
31596, 2674, 189292
633888, 7906, 3996458
734, 296, 19622
3297, 366, 24480
27557, 10874, 182898
26631, 12808, 180814
675301, 16290, 3976138
11494, 9476, 108428
75396, 17480, 369246
64600, 8797, 424843
259920, 18272, 1556282
61805, 10364, 392379
640075, 7788, 3689411
56762, 17468, 328061
1204007, 16669, 6655999
341959, 20236, 1930342
67346, 17940, 440308
388191, 22308, 2233893
7937, 5818, 75992
9582, 2098, 85164
83121, 18286, 515313
187051, 16256, 952987
21464, 6810, 148502
437877, 14236, 2597670
8246, 928, 58987
12607, 6618, 94122
30066, 9556, 192729
601019, 24670, 3390667
46510, 14590, 317421
31759, 13458, 214183
32814, 17776, 226861
425771, 7333, 2458946
36726, 17400, 254548
52143, 17770, 345814
821629, 23420, 4156493
416505, 21228, 1815339
144667, 18280, 712846
267, 862, 7860
174746, 16318, 874572
317, 189, 6859
17126, 978, 106354
119550, 18008, 760707
1749, 3008, 27074
45227, 6646, 261166
2439, 542, 47113
23791, 1076, 140810
58569, 10153, 386743
176523, 8111, 1044309
3084, 1976, 28798
12009, 2554, 80179
142642, 16079, 822998
40760, 15540, 268498
321679, 6787, 1879556
35437, 12832, 238632
7814, 1395, 80917
766, 275, 6275
83601, 16364, 477094
20480, 11612, 151413
138454, 17824, 678965
38083, 9869, 239183
545, 734, 35135
919795, 23092, 4287356
40793, 16017, 283374
11381, 3776, 93548
266865, 6126, 1548104
11015, 2223, 79796
25292, 16002, 224686
118162, 18094, 753911
669295, 16608, 3836964
64848, 7448, 405312
80912, 14326, 463263
89842, 18066, 457021
292803, 15256, 1572905
137274, 18904, 747626
17171, 6636, 122536
17601, 3209, 112344
32621, 16021, 224043
449898, 20302, 2531269
15251, 9050, 121298
415391, 14072, 2400849
1409496, 13799, 8143918
71915, 13012, 468214
76044, 15664, 455402
584661, 21674, 2547627
60001, 13292, 399454
54476, 12270, 366978
11839, 4106, 85055
112943, 17806, 553672
10228, 7418, 85121
28124, 8915, 184257
127047, 18318, 658892
11545, 4998, 84692
265304, 21670, 1546231
243917, 18968, 1361517
269082, 22826, 1519640
25773, 6966, 166934
13072, 2954, 106629
188427, 16864, 939704
96092, 13370, 604434
43233, 1635, 250388
54, 13, 41150
68746, 12080, 439413
137190, 15408, 835155
56959, 14808, 408304
248613, 15076, 1260813
136324, 14424, 754535
5727, 1014, 40913
67308, 15598, 440761
34291, 12320, 226620
24467, 11252, 174051
107559, 16346, 702039
25584, 10832, 177975
184227, 17868, 1125429
2883, 1986, 29170
45339, 11652, 283672
11900, 6341, 96036
1298245, 25768, 6999547
209194, 19668, 1102574
31751, 5872, 198417
940178, 24172, 4614043
201728, 17182, 972732
14728, 613, 91267
3447, 389, 46513
215318, 18584, 1315031
75120, 15598, 484599
172319, 20450, 1035857
23802, 13788, 176707
27173, 11984, 184625
636169, 15511, 3582019
5927, 915, 177907
124, 137, 3668
36123, 15533, 241022
10557, 2702, 93526
41716, 15838, 256660
337286, 5916, 1933512
133832, 15412, 809257
43076, 17120, 283949
303148, 21076, 1381973
22299, 2606, 143719
268466, 18572, 1601021
122057, 17712, 702510
33361, 18686, 229362
114140, 16478, 581161
895711, 9816, 4978364
49086, 14196, 325309
210220, 14703, 1146623
14637, 758, 92093
13162, 7982, 101132
12463, 3816, 97849
11758, 5924, 88978
110038, 18284, 683717
988, 228, 9998
166435, 17774, 1066633
113912, 15230, 709226
589, 243, 6376
229461, 17950, 1387840
281645, 17650, 1512616
231882, 3409, 1381663
87747, 17784, 534943
179461, 18116, 1039382
6132, 790, 45563
286342, 20928, 1316363
615809, 22896, 3485095
51719, 12587, 361431
163445, 18932, 728937
19819, 2938, 124094
388797, 22628, 2525786
257023, 14269, 1393636
5268, 2824, 47129
57004, 16975, 366526
1607, 278, 13331
45798, 17698, 318392
718494, 23064, 4001155
609601, 11046, 3320142
147352, 18948, 844854
36147, 18632, 242541
46418, 6651, 275429
2843, 1586, 53397
15294, 3437, 97642
147839, 5258, 871318
17976, 6832, 124930
532020, 19668, 2873807
78919, 16883, 526382
323423, 19968, 1825259
510972, 21096, 2844540
120510, 19787, 665620
119866, 13539, 691792
111247, 2319, 665340
197181, 14465, 1083731
14852, 1052, 96253
41225, 16981, 271697
192411, 18922, 965311
7765, 3660, 62708
20548, 6171, 136062
70415, 13890, 434630
426610, 23070, 2433241
24848, 7178, 171448
693, 117, 34089
62058, 14909, 397042
142710, 4645, 851146
15304, 5348, 108284
57984, 18874, 394170
28419, 7364, 179166
7827, 603, 80083
24424, 7787, 161339
11300, 4876, 95085
67951, 13532, 437475
167043, 3998, 1002293
171118, 12791, 1044883
84405, 17047, 536311
185911, 14522, 1040237
53347, 11034, 371271
28566, 1591, 169083
161007, 17588, 972496
142735, 13214, 779530
1005866, 25108, 4958628
14903, 3623, 118692
250816, 18028, 1118033
36513, 4317, 223889
395688, 21914, 2165069
21654, 4533, 145655
4905, 3564, 55983
391914, 19744, 1714816
32725, 15019, 226044
296841, 13626, 1583336
150327, 15102, 916573
9370, 2400, 69047
164838, 21810, 1002186
11326, 607, 72134
335138, 19174, 1811034
7040, 818, 51003
1196437, 24668, 5682679
1738, 448, 35764
101406, 14126, 608645
4116, 2826, 36990
2162, 551, 16717
16570, 5077, 112904
71525, 3221, 460385
390299, 17614, 2137185
52840, 18682, 311504
408329, 17810, 2359355
19827, 11446, 154331
22587, 5156, 149133
382359, 16739, 2093916
12840, 5662, 97556
786144, 15511, 4566824
765, 1282, 25833
73523, 12700, 451230
1613, 290, 13484
518005, 17494, 2625362
39332, 18852, 262322
111796, 16490, 602095
910, 1023, 12442
182965, 17754, 963265
19239, 9868, 136772
32535, 17666, 251120
45409, 6872, 275156
24103, 13910, 177809
25393, 3592, 168051
17554, 11692, 134723
11781, 4856, 94564
49411, 15607, 301829
41576, 13431, 264408
17510, 3762, 129605
985207, 10138, 5675045
48283, 13414, 301694
22696, 13138, 171390
33173, 13840, 224053
166037, 19054, 874594
9542, 1403, 63938
3563, 2994, 32698
110688, 17884, 660785
11896, 6480, 114407
7196, 1817, 68857
9243, 4410, 70434
118635, 15408, 732810
41901, 12762, 265191
157144, 19142, 831103
332222, 8068, 1977968
6588, 794, 89000
6751, 1415, 47375
36842, 14010, 278037
20124, 7122, 130542
1503, 605, 37780
1908, 1060, 16668
48856, 17737, 312728
183990, 16938, 1081596
3488, 1545, 30079
73077, 16298, 451020
5981, 1395, 45333
44525, 18690, 321924
33657, 13240, 227375
21605, 12418, 158957
275776, 12155, 1550935
571665, 20208, 2681952
267083, 19032, 1418479
305335, 18500, 1644103
242342, 19158, 1154536
858966, 24142, 4779600
200370, 15507, 1119395
110516, 17820, 480435
35749, 15782, 256697
305001, 19172, 1324452
49559, 14782, 344305
34020, 14522, 222096
1457, 327, 39219
14952, 1251, 87954
131237, 18374, 669993
20693, 7546, 138540
24866, 10346, 170713
390856, 19178, 1906457
59942, 17165, 631541
156133, 13116, 874334
2720, 536, 28854
8856, 3736, 79803
198727, 12723, 1058158
563984, 16919, 3206929
94284, 17800, 458852
29236, 11542, 198407
617017, 16285, 3525891
1616, 477, 25248
23005, 9240, 158941
282967, 19104, 1517786
317837, 20714, 1737390
34801, 17128, 235097
65244, 17952, 387585
40022, 16852, 307416
409343, 21992, 2285931
73376, 14036, 446261
69876, 18216, 413238
4177, 2303, 35482
164698, 21200, 978414
16647, 7914, 121944
190349, 19408, 1095099
459196, 17478, 2266203
97787, 10637, 539089
14640, 11702, 122957
250800, 17974, 1122879
20396, 9480, 151856
71531, 10251, 449098
67362, 17834, 445895
89562, 18910, 535658
25014, 12400, 177173
148535, 3816, 875573
14958, 8363, 113989
457585, 21894, 2195202
70776, 16164, 442229
17243, 6092, 119893
24555, 14378, 179233
17964, 11936, 138877
283507, 16740, 1576315
73900, 14642, 449266
43106, 16796, 282252
9696, 1633, 86582
105289, 16372, 655393
1731, 423, 16296
697387, 21908, 3608206
549952, 12082, 3008728
46019, 12624, 330731
23299, 11134, 156914
9589, 4298, 83314
2286, 847, 19489
60933, 13684, 385242
627597, 21584, 3066791
61263, 15681, 367172
916438, 24100, 4482181
59052, 8706, 365697
271570, 15448, 1528991
12843, 3149, 91025
7454, 1817, 80096
306826, 14247, 1677116
82495, 17704, 551462
2221, 2358, 27370
146934, 17852, 702221
589, 167, 7088
2926, 617, 20821
62487, 17922, 419870
17447, 1004, 105349
12716, 3003, 83172
471783, 9085, 2676755
186427, 18968, 949829
2260, 1058, 21466
40418, 15417, 260794
62526, 11820, 410115
368295, 22868, 2053922
21067, 6801, 146612
16148, 7434, 117034
31267, 16602, 221412
58891, 15128, 385800
23059, 11397, 165161
668536, 16663, 3908733
355589, 19894, 1661067
251990, 5546, 1468643
176288, 21126, 1061863
66748, 17636, 413692
8405, 9540, 82988
16726, 5986, 116567
93161, 15109, 530275
46519, 15656, 287963
125804, 14934, 772437
18816, 1811, 116141
74576, 19238, 466576
223488, 13606, 1171615
22614, 12356, 169473
18273, 8230, 128632
15950, 617, 121699
171253, 16303, 927415
418423, 20378, 2267730
14870, 3961, 106856
66467, 18842, 424070
29477, 8636, 194111
243178, 17730, 1416560
667726, 23584, 3682669
23471, 10488, 175111
121393, 2834, 726168
23423, 6013, 151014
13900, 3189, 92680
11438, 553, 70960
26357, 14178, 186713
174571, 13706, 972207
191495, 21002, 902551
139377, 17536, 700793
78481, 14338, 478341
16878, 9505, 124082
281343, 19090, 1452064
45898, 11822, 292359
61593, 18844, 403227
8403, 3770, 63212
263074, 21912, 1542816
65727, 15862, 443704
34726, 5160, 212749
4240, 356, 59548
7376, 714, 49302
340522, 17136, 1633610
97393, 18790, 555113
29119, 14043, 204194
115709, 18986, 609416
45988, 14266, 313103
2079, 972, 16951
2151, 557, 16069
138948, 17840, 836292
17279, 4291, 114838
75014, 13424, 465857
693842, 21278, 4145985
30147, 14879, 222265
17168, 4244, 123006
23076, 6736, 156130
220542, 19348, 1305326
443365, 19862, 2514162
222718, 17902, 1010299
26351, 14682, 194819
62487, 12354, 418691
382431, 13371, 2130554
277277, 20640, 1623002
33435, 8920, 219325
678, 302, 37733
501413, 20730, 2733533
149140, 18586, 823792
45011, 11552, 278552
133166, 14560, 767680
32030, 6894, 200525
52183, 2760, 302751
1285819, 14614, 7140258
378661, 5261, 2219027
151683, 19418, 920542
54868, 16452, 370577
1227592, 24722, 6166945
22278, 5688, 163913
479688, 19636, 2370034
29819, 15640, 218164
28646, 15596, 205471
815137, 15255, 4475579
66582, 12842, 430280
411774, 20544, 2312379
582373, 18326, 2975121
26701, 11868, 198556
641856, 16882, 3954956
27758, 14262, 212471
6975, 1709, 69498
36803, 17648, 251857
4043, 3398, 55327
633610, 18978, 3287004
80226, 17444, 422853
21903, 11250, 157656
130915, 14586, 737869
89658, 16863, 459855
3812, 732, 28544
1555, 952, 13850
184212, 18772, 1013140
356189, 8385, 2046236
23363, 13720, 177619
329742, 16872, 1687746
77416, 17594, 507992
39158, 14945, 289594
23365, 5272, 146654
18000, 11922, 138461
147894, 15138, 760407
308740, 19334, 1649910
28555, 13330, 202138
62439, 15280, 398737
2207, 307, 17678
209213, 19878, 1224839
149747, 19084, 761881
850399, 22688, 4071360
329151, 18216, 1815919
268438, 18886, 1235370
174393, 16458, 920088
625350, 13803, 3472370
22814, 12440, 181601
33798, 11438, 222297
24774, 14392, 180918
752783, 20986, 4083921
29523, 4289, 189769
31045, 17240, 214952
385309, 15928, 2147141
33229, 15046, 257812
1102318, 15885, 6233431
104862, 20308, 672087
168619, 18706, 1047678
90502, 18778, 545897
81618, 16967, 513872
3459, 617, 24132
371532, 5031, 2360243
28928, 8880, 194638
8185, 1016, 75544
217761, 18138, 956830
21507, 13170, 164933
82897, 17948, 461711
264277, 18952, 1117257
61137, 18428, 411051
3313, 642, 24278
638660, 15498, 3491259
1714, 255, 26433
10468, 2430, 73456
1531, 300, 32423
13658, 5493, 96612
1687, 866, 35891
54518, 14540, 355503
152059, 20504, 763110
7861, 1645, 56236
260769, 19272, 1279302
982, 304, 13060
8978, 2143, 61556
36947, 8748, 205128
34580, 8899, 216713
26439, 11602, 183338
409795, 17944, 2232951
212163, 13764, 1128919
510768, 20538, 2910226
211592, 18094, 938703
41876, 16472, 277680
6778, 599, 50610
768151, 10013, 4399718
15395, 8828, 127947
16726, 5306, 115408
397292, 20822, 2188398
31427, 9101, 206253
69677, 18826, 407666
361606, 19984, 1945891
11468, 2358, 83515
435300, 10618, 2502731
1812, 324, 23442
11340, 415, 72324
7671, 1976, 52821
848692, 24902, 5040927
111554, 11736, 624526
31404, 13132, 215503
20280, 2592, 139706
951180, 24224, 5068976
1937, 234, 42927
20541, 11556, 156915
592, 306, 24891
14670, 4586, 100029
395427, 20788, 1791384
1527, 366, 21048
1636, 742, 14047
84156, 20194, 502278
106890, 11610, 655974
71786, 18002, 478375
87458, 17426, 535123
27452, 13384, 217582
3280, 3034, 32956
140478, 18890, 716503
29556, 1410, 176877
61740, 15236, 432301
30068, 13794, 205834
39577, 14073, 252415
248935, 19026, 1417385
1410, 358, 66711
328168, 19088, 1721478
214464, 21556, 1252808
19126, 4725, 124952
206397, 18996, 1118930
4168, 810, 32347
451573, 22752, 2563645
51353, 9345, 312025
62502, 18390, 387806
2407, 417, 18115
209472, 18770, 1163110
124610, 13939, 669483
73328, 11828, 469011
53399, 9785, 363122
120093, 16248, 654372
138723, 15934, 814012
223375, 14540, 1229007
823479, 12659, 4566273
45419, 17734, 297906
35996, 6425, 220588
59354, 9907, 392191
29882, 6742, 188550
146157, 20012, 905086
176716, 19512, 978794
13438, 7944, 104676
86358, 15088, 462939
53976, 18676, 347284
60551, 15513, 426290
59184, 9866, 389112
295236, 22178, 1705155
176315, 21774, 1047128
13243, 5888, 96164
38543, 14178, 257227
12800, 6288, 102489
27539, 12982, 192987
925586, 23874, 4562227
26623, 6808, 183004
93865, 17812, 532977
948776, 23936, 4630048
29572, 3965, 189942
9580, 4273, 72881
244817, 22314, 1433594
17613, 7554, 125057
53849, 10108, 315068
81068, 19776, 537490
19380, 5283, 182833
13132, 5932, 100549
4987, 387, 51914
211660, 18344, 995965
11737, 7384, 94927
8079, 1673, 70413
1329, 578, 11276
95874, 12856, 579494
161801, 18932, 828378
27296, 8278, 177113
82163, 14656, 492309
152715, 15012, 895309
143624, 12096, 854104
43273, 10436, 274399
457413, 20046, 2387636
366256, 20072, 1837484
321281, 17454, 1632194
51649, 16626, 310861
62969, 11800, 413511
111833, 16297, 651909
352108, 12073, 2038707
409052, 19466, 2110335
150589, 17860, 745738
2997, 1518, 27899
33269, 15164, 229395
11171, 5164, 90755
38248, 15357, 252724
17271, 3969, 122763
925184, 14642, 5252200
356678, 18238, 1815250
798, 384, 15526
224517, 18472, 1051760
1246440, 25942, 6603193
26947, 11578, 211862
8378, 7374, 75612
491513, 22260, 2736399
69390, 9670, 464820
36221, 10570, 232860
207505, 19040, 1203654
19218, 10378, 140374
513762, 9780, 2894342
10962, 796, 78670
404547, 20150, 2278659
18684, 9835, 144669
159293, 22212, 943190
143587, 12121, 835241
36669, 16712, 248519
735721, 16747, 4089782
158345, 15275, 906942
326340, 18130, 1599881
1422, 2066, 23686
245451, 11939, 1423634
5092, 2412, 44848
45302, 15340, 276017
49710, 13298, 295229
35632, 15674, 241745
17157, 4469, 125706
2283, 1644, 48526
1393, 375, 11705
172736, 13855, 1011578
140194, 13046, 769908
14814, 1217, 89733
153476, 12313, 915583
21595, 6451, 144172
4984, 1016, 61872
35173, 15080, 234118
162667, 17180, 784980
137280, 17030, 834083
51761, 16375, 319862
25536, 17042, 189625
4541, 812, 51227
33575, 16038, 229603
321076, 18568, 1556257
2987, 698, 25904
92736, 15215, 546421
120601, 16254, 656823
20647, 12954, 157114
155774, 20204, 789604
28445, 12874, 196277
18787, 8102, 131400
14894, 772, 119865
359009, 22410, 2069309
4363, 2508, 41128
131722, 15682, 745457
363176, 20242, 1785099
184331, 13804, 960995
74650, 18706, 459984
552658, 21416, 2543937
46568, 11076, 332657
2076, 2360, 23665
200191, 14400, 1049332
414658, 19110, 2169411
422673, 20026, 1993500
101555, 9707, 640731
250112, 19350, 1213167
3950, 918, 32347
38198, 17998, 259269
37079, 14272, 249911
529770, 17618, 2796960
590, 119, 17459
167801, 16572, 989144
351909, 21150, 1542051
150153, 17802, 731504
3125, 619, 28709
1845, 526, 19161
21888, 3846, 142786
159464, 3607, 978486
9469, 1269, 65019
159674, 14847, 992631
71333, 3055, 463244
83123, 14984, 509871
415394, 17208, 2138640
131162, 18896, 745204
139497, 16107, 756206
102338, 6291, 591403
18540, 5138, 122697
526870, 20048, 2732092
20875, 12856, 163339
240626, 4807, 1421685
2281, 1344, 24462
233151, 22366, 1337268
17556, 12208, 138123
275859, 21878, 1714482
93685, 18890, 559060
80984, 12868, 521766
33250, 6043, 204342
174896, 15732, 1050141
16074, 11378, 126767
485048, 14260, 2762944
72313, 18908, 475464
177426, 17000, 835478
174, 219, 5732
13862, 3189, 89951
488428, 19104, 2793841
45822, 14784, 298146
91798, 18810, 507308
16643, 4668, 115557
227818, 19034, 1171794
471639, 6362, 2789575
25194, 9750, 178524
327539, 19454, 1819210
36574, 16810, 289801
3947, 2426, 34192
14061, 7038, 102396
68844, 18674, 456042
36089, 16870, 283375
82145, 12620, 513789
392583, 21172, 1833412
61671, 18714, 399998
12961, 611, 80923
237608, 19030, 1080682
200100, 21812, 1187970
658912, 21294, 3148814
631616, 19958, 3302072
225640, 8922, 1282812
2216, 522, 22717
50212, 14712, 330543
158713, 13598, 834932
60199, 18416, 418092
686113, 21676, 3335923
6601, 1564, 59295
468091, 20006, 2250887
300440, 21762, 1955136
528041, 20788, 2761998
59470, 12225, 404307
54993, 14219, 364083
201879, 16672, 1179474
41947, 14421, 265820
280003, 14173, 1478479
84909, 20952, 548504
229956, 6601, 1341179
13820, 8172, 107713
150582, 18282, 949752
1313, 400, 14572
181542, 8311, 1062105
195636, 17494, 1014991
36910, 14208, 251867
50905, 17294, 323745
9854, 1000, 89523
11918, 833, 69734
21917, 12000, 157948
222673, 15006, 1284652
2183, 432, 20306
28032, 5178, 171525
513893, 23376, 2880088
555586, 13301, 3207064
53686, 16211, 330211
28098, 13172, 198410
22440, 1192, 152319
88324, 15004, 557279
16851, 9136, 124742
101063, 15463, 607585
50707, 15585, 317578
94377, 16344, 520843
337397, 18752, 1982671
121913, 16326, 756349
10041, 4108, 77341
95669, 18936, 568261
185604, 18956, 1025329
29202, 15376, 207856
43928, 15247, 268386
17005, 629, 128327
62515, 15320, 438273
19397, 12062, 147390
1202911, 25262, 6027563
256376, 14510, 1382902
127581, 18308, 753021
143423, 18836, 839108
26162, 16224, 222869
96569, 14064, 597725
54017, 16231, 322723
76206, 13382, 470640
555668, 17099, 3397696
92398, 18934, 557408
93080, 12410, 598646
260001, 15439, 1370317
22097, 3179, 142782
1453, 2406, 39129
155287, 16952, 841825
35241, 9274, 225933
92040, 16691, 544257
387398, 18436, 1895485
1094727, 15731, 6156047
11248, 5418, 102709
21392, 11054, 152372
44699, 9671, 271141
287190, 19212, 1502096
40490, 13316, 263687
15217, 9734, 117222
109287, 18238, 583580
8159, 1654, 79444
23966, 13682, 173324
1644, 1074, 15271
4632, 1012, 33102
257397, 17666, 1424215
5040, 1044, 42563
375744, 18984, 1714492
548537, 13143, 3124353
493315, 20846, 2482197
251537, 8699, 1474954
881156, 16007, 4922855
1286, 542, 28110
83244, 10563, 497342
137517, 18996, 807173
32227, 13372, 221404
512683, 19866, 2780830
1544, 207, 21658
928765, 23812, 4501360
11597, 2757, 95637
263999, 19144, 1371111
329854, 11202, 1962263
505250, 21336, 2688197
197376, 16902, 970892
16165, 1010, 100727
48455, 7927, 294464
13775, 4471, 115402
413755, 22282, 2378402
7242, 810, 55148
149123, 20238, 865100
319, 107, 5386
3176, 320, 22708
60665, 9944, 407690
22606, 7708, 153132
35954, 9118, 231195
1158, 508, 38235
56097, 16993, 378069
117163, 17824, 547475
68206, 19264, 412673
215672, 18902, 1293840
6125, 5886, 60307
17263, 9247, 126172
131637, 17412, 817548
202794, 14402, 1139797
172338, 19028, 840849
392573, 19450, 1747923
31336, 9101, 203913
168519, 17248, 918944
43897, 17075, 288110
235669, 19014, 1152169
337666, 18466, 1555371
13582, 3168, 95242
17753, 4192, 116378
477608, 19266, 2260065
314472, 20986, 1794167
34618, 11166, 231734
5624, 710, 69592
10965, 5790, 83826
30729, 4315, 198735
153285, 6723, 924178
19413, 6386, 136598
133237, 14562, 799022
3956, 971, 40953
1770, 804, 19607
153342, 13106, 869563
83508, 13450, 532833
201968, 14953, 1134342
434306, 13652, 2373931
30800, 13248, 217697
123669, 18810, 772412
88933, 13716, 568935
13935, 3008, 92437
666, 169, 32958
26512, 12826, 183509
54785, 14138, 372291
81676, 10644, 512605
874163, 24274, 4480046
153045, 19028, 801640
61322, 6665, 409372
866273, 9612, 5001943
620682, 23284, 3490510
4696, 896, 44085
217917, 19030, 1187100
63511, 13888, 411093
287099, 18660, 1313452
110629, 18118, 523053
235214, 19090, 1190534
93336, 10915, 542557
63739, 13145, 428238
121998, 5065, 744701
56525, 12350, 372999
450383, 20574, 2583315
4830, 3974, 51505
26914, 12697, 187650
61220, 17267, 403204
11316, 3774, 81295
2872, 374, 44492
19440, 5088, 126497
37233, 17318, 243312
33551, 17516, 236085
151129, 17094, 841285
3995, 1464, 33617
36888, 18678, 243694
124690, 14934, 761893
41858, 12828, 267122
704474, 22062, 3855589
39650, 15858, 275996
292987, 18300, 1359399
80706, 15374, 522171
1075831, 25514, 5694980
236385, 14419, 1437768
823636, 24132, 4923328
105591, 18558, 644504
273362, 19128, 1446774
22469, 12940, 168324
2952, 383, 45121
2204, 1043, 18298
50183, 15699, 301103
550192, 22626, 3137283
229276, 5658, 1358539
4129, 872, 34166
348392, 20240, 1487380
20970, 12760, 163907
25459, 6015, 163840
706524, 20896, 3358983
23311, 6181, 160079
207436, 19042, 1078054
144524, 3251, 875161
58102, 11518, 385851
244457, 3601, 1453648
24898, 5406, 156226
893379, 15727, 5058407
76564, 2039, 462020
129609, 16826, 740948
5839, 3950, 50261
104797, 17564, 629730
70813, 17714, 401009
218557, 19080, 1154736
9475, 942, 65853
44194, 10374, 279861
109228, 17972, 571964
30509, 3418, 187732
74151, 6665, 464444
54949, 18806, 375204
36860, 17738, 248085
490766, 12533, 2714896
449038, 22226, 2476118
608146, 21534, 3008030
15493, 9038, 125285
328139, 22096, 1889136
14520, 3013, 100730
4105, 732, 53139
188621, 21322, 1132114
40025, 15406, 288956
2441, 615, 26280
93287, 11119, 516981
58903, 17162, 398285
60377, 9908, 363176
456276, 21182, 2706868
12513, 6882, 101171
550222, 7726, 3128959
61788, 8650, 366286
27142, 12625, 189474
72521, 16658, 453662
9332, 2747, 70541
47965, 17796, 284793
204975, 19036, 1065123
20453, 6020, 140003
29806, 15210, 209779
292315, 18028, 1477622
180463, 19104, 920408
734482, 13287, 4043344
260476, 20996, 1229490
65898, 15025, 426082
1577, 501, 14383
211533, 17628, 995397
4333, 365, 33590
9709, 6632, 81308
151130, 16942, 799220
7143, 1076, 51154
1527, 656, 11556
212482, 17708, 1298425
199795, 17582, 1076761
97926, 18938, 573061
208041, 18990, 1145166
20164, 7778, 134570
193585, 3339, 1168245
501886, 22420, 2845782
80891, 10591, 515719
209041, 18926, 1143386
20782, 9480, 150976
79755, 18782, 515225
8992, 3128, 66156
50665, 18686, 332468
1271197, 12603, 7273286
443888, 22544, 2792636
548839, 16298, 3339276
488445, 15863, 2661435
510849, 10375, 2777981
63311, 15094, 451229
168374, 18804, 958723
2136, 478, 18103
278643, 16073, 1516584
192288, 4016, 1117319
926744, 15466, 5678383
27122, 8302, 194510
165753, 19220, 925537
2909, 456, 24357
19064, 11234, 141926
85440, 18882, 522698
2642, 367, 20110
398855, 20792, 2232797
1247364, 25912, 6441227
40161, 8706, 265814
110927, 17978, 612131
25943, 11578, 171296
141030, 16232, 677499
6295, 1224, 46104
2300, 1113, 21232
317200, 19142, 1520916
202667, 18064, 1175701
6331, 990, 45527
206323, 21672, 1218532
11215, 4022, 83593
71726, 16632, 457323
28992, 4020, 174456
399, 60, 35590
89049, 13320, 490428
44972, 13830, 281262
240856, 19056, 1304340
15122, 7162, 113530
99542, 14022, 608476
99089, 16346, 546623
1062988, 23512, 5101651
13119, 4343, 107139
47969, 14162, 298088
149460, 13316, 804149
108, 178, 5075
9705, 7674, 101910
318293, 17580, 1836524
50338, 17256, 308455
440363, 17374, 2167964
15543, 8194, 121845
53889, 15935, 316212
48850, 16395, 340967
20214, 6526, 135912
487292, 19324, 2565415
84819, 12872, 533806
19408, 10474, 142329
13572, 9380, 109679
14462, 6251, 102812
17606, 4530, 126008
71146, 17772, 441142
3415, 2366, 32056
20355, 12364, 153248
71461, 14672, 479355
43715, 1889, 251345
380, 115, 40603
24601, 7753, 160812
122460, 18956, 712177
43263, 13798, 275689
127676, 11959, 767788
362595, 17256, 1754911
198360, 16602, 989352
446945, 19936, 2472622
248719, 16974, 1226149
807256, 8969, 4413267
2863, 680, 38512
925581, 15667, 5361580
334920, 17148, 1768740
124815, 17818, 595237
3565, 621, 27270
703275, 22906, 3584270
11831, 800, 84680
20802, 13264, 156407
32565, 8296, 200783
281536, 14358, 1520359
1884, 1274, 21793
58810, 4573, 359921
107018, 17792, 544356
176776, 17782, 895359
33981, 14438, 222113
69726, 18646, 460503
1144743, 24384, 6191787
19482, 5323, 148245
72330, 10418, 458954
121646, 11594, 735032
132790, 17818, 674067
11237, 940, 69397
281003, 4158, 1638060
70985, 16892, 448745
136217, 15502, 759483
56447, 14221, 365682
147231, 17348, 853227
1916, 413, 15645
29659, 14254, 214268
4214, 427, 32161
25115, 11998, 176851
603350, 23998, 3435850
26705, 8610, 185351
836, 308, 31556
10925, 4780, 79918
19048, 1983, 124417
189077, 16840, 910135
20578, 6731, 166150
27477, 8131, 175694
19492, 7880, 129013
485752, 20042, 2942427
60242, 16065, 362779
194291, 3176, 1173932
53795, 17016, 339855
182025, 4775, 1085873
893481, 23516, 4355320
12914, 758, 94461
13292, 8034, 104547
899868, 13204, 5112655
101932, 19116, 575634
3390, 876, 23959
217255, 18257, 1218017
300185, 17286, 1611240
32874, 14388, 216665
1125127, 25504, 5869468
310824, 21128, 1459307
407840, 19622, 1972448
270375, 14163, 1397587
1339, 606, 17086
1173424, 24808, 6353357
137522, 16288, 720957
208864, 18974, 1116321
19928, 5841, 134485
62322, 8792, 405146
185143, 16426, 1091690
723057, 15043, 4125327
10963, 5254, 95029
19350, 828, 139028
79559, 18886, 497472
46068, 18808, 296187
11939, 2794, 98231
47147, 18824, 299707
10000, 1675, 88540
283059, 17136, 1579919
353828, 19974, 1985742
47169, 17588, 292653
35053, 1066, 226602
5117, 1908, 62319
1612, 440, 13018
9821, 2592, 67879
59771, 9686, 386637
29904, 16006, 206426
2302, 908, 38977
112206, 19269, 612285
14724, 617, 88481
160957, 14095, 894657
138604, 17755, 721760
15028, 7926, 108146
5726, 926, 58317
38638, 18762, 255791
25351, 6968, 166310
12475, 2292, 100432
438005, 9588, 2493154
40978, 18820, 274467
258585, 16934, 1247329
173503, 18494, 980469
188743, 19022, 1014117
2171, 670, 22278
611627, 9668, 3821806
67950, 18740, 391049
63161, 11766, 383416
75088, 12444, 456102
483559, 22720, 2725424
108446, 14498, 676370
28729, 15014, 203238
39604, 8044, 243432
11103, 2868, 96369
46873, 10862, 323496
136278, 17830, 618870
23812, 11930, 175859
153795, 17468, 971268
532946, 16942, 2997536
71170, 20266, 484622
227960, 21630, 1387896
19180, 10822, 147843
4796, 854, 57531
5466, 802, 35614
438117, 19262, 2086587
24482, 13084, 184538
799339, 23082, 3885815
1588, 230, 29031
457727, 19372, 2383595
222057, 19018, 1201973
19638, 11386, 148625
44277, 12856, 324360
381583, 5205, 2385291
153775, 19980, 926930
41232, 16861, 273187
12997, 12504, 112092
7278, 1746, 51897
115811, 15566, 719500
16023, 9988, 125256
35729, 13772, 235114
75964, 10298, 500847
22565, 6562, 149897
201569, 18444, 1057240
355288, 18078, 1874304
11170, 2868, 86677
104320, 18354, 533707
124640, 4515, 754521
17154, 946, 106285
18123, 8754, 137761
356107, 22174, 2023136
151139, 17323, 771881
229850, 16730, 1127467
175625, 17108, 819164
408751, 17532, 2037931
54211, 16837, 370491
210017, 4010, 1242631
223755, 19002, 1200701
44695, 13768, 274264
108657, 15754, 683720
50653, 18012, 324466
13393, 621, 112793
48842, 14576, 343326
12304, 3013, 83675
41896, 9305, 241982
232324, 15268, 1278563
508884, 23972, 2710235
741564, 22830, 3634378
77091, 9827, 451662
137528, 17186, 811499
1971, 495, 17782
22431, 5358, 144127
84780, 19218, 524844
55588, 15373, 329646
115245, 11400, 675032
575616, 14621, 3283131
53075, 14894, 311745
383333, 10558, 2176324
98521, 14767, 547166
1239243, 15240, 7053469
178043, 16978, 865609
496653, 10138, 2889715
926, 105, 26311
83552, 10763, 515587
53632, 13067, 364530
340765, 21286, 1944002
1280949, 25692, 6192532
19168, 10132, 158342
35917, 4974, 220283
16373, 11062, 125896
360033, 4969, 2110936
2121, 249, 22979
112269, 21532, 712294
39238, 10922, 250835
31837, 9658, 201802
534007, 19894, 2863676
40044, 12664, 245159
1735, 407, 44383
84219, 18298, 531067
53154, 17286, 357198
365465, 22234, 2095650
7341, 1904, 57784
842085, 10922, 4828861
236946, 14892, 1397621
17390, 5820, 123184
335959, 8407, 1913491
27930, 2382, 172617
38981, 1793, 228137
188971, 11183, 1002255
2135, 765, 21541
556399, 24458, 3107744
833136, 23366, 4109343
586499, 7305, 3341730
5576, 3607, 57945
111171, 10968, 606958
619312, 18934, 3148431
57129, 14822, 374212
50677, 10600, 337356
12004, 6264, 102075
6650, 473, 60582
14522, 6736, 103210
51939, 17449, 328937
47989, 11844, 339037
172100, 20654, 1058545
172179, 16223, 946527
412694, 20450, 2357153
26533, 14996, 197175
6779, 1652, 64222
29375, 17014, 205853
213924, 16502, 1152059
14672, 802, 90588
175713, 16554, 871731
12186, 2562, 85184
9605, 1872, 83811
68702, 9997, 433286
73378, 18910, 435116
52347, 15442, 313154
74105, 20130, 473589
3081, 721, 23962
18230, 11862, 141784
403726, 22176, 2272761
28751, 13484, 197972
20943, 4400, 138093
133713, 18922, 758067
161355, 17242, 957097
106731, 14396, 659177
300100, 17864, 1401743
18093, 4707, 122170
233, 16, 32194
276627, 12611, 1681624
65116, 12620, 433118
21086, 4729, 133875
39477, 5636, 242252
978618, 16436, 5526122
2537, 1357, 39493
31190, 10900, 231667
172833, 15726, 965063
98338, 13212, 608996
35231, 18662, 237098
13299, 8114, 104825
149831, 18828, 836419
1273732, 12695, 7206762
104641, 12628, 648296
82810, 17215, 465608
18458, 11004, 139513
37235, 18716, 245550
2387, 282, 44325
98548, 17228, 526604
56433, 11894, 327132
41881, 10070, 303355
2458, 572, 18545
12950, 12396, 111759
24474, 3195, 157827
31829, 18620, 220085
31424, 13476, 211093
8253, 5524, 72611
400082, 18412, 2702913
33589, 18658, 236423
8824, 2229, 79780
643276, 22736, 3709663
894988, 23864, 4694800
88319, 20254, 594230
1405371, 26172, 7077157
1060605, 25508, 5955472
104699, 18004, 585245
1016670, 24818, 5594783
217216, 19000, 1179020
18637, 1811, 117362
140248, 5918, 814081
30202, 13416, 206489
38908, 11264, 244866
35665, 14662, 234773
315311, 20338, 1717062
56547, 9904, 383735
109412, 10667, 634125
24261, 830, 144065
87, 569, 32931
313528, 9010, 1828027
26933, 8758, 182561
118572, 14165, 672124
437219, 6056, 2497825
630961, 8501, 3584952
886652, 16272, 4899474
1438, 238, 32040
127551, 18660, 723663
105563, 11965, 624982
1628, 322, 14638
202654, 19102, 1223444
57249, 15637, 398351
14428, 6414, 103608
2612, 1384, 21689
179453, 16454, 866617
150014, 15684, 908512
44313, 15179, 273211
340577, 19154, 1630200
405536, 19118, 2315203
12689, 6710, 102709
124730, 17032, 744342
331682, 21188, 1434505
1694, 986, 22412
196836, 18318, 1127344
845597, 23694, 4202194
251594, 17558, 1419446
7682, 3279, 64184
27222, 8739, 178106
191300, 20300, 947175
33539, 13530, 230444
198811, 14947, 1071090
97370, 14795, 565164
514094, 6865, 2973332
84203, 18854, 474299
92102, 15816, 546990
900271, 22560, 4268793
61273, 8922, 411205
76006, 9971, 475509
418101, 19154, 1919689
114279, 17846, 620139
41989, 3197, 247271
8477, 5888, 83160
11898, 6407, 93073
5656, 2514, 58424
24243, 3209, 147437
138759, 18366, 702377
335959, 14105, 2014486
180893, 14824, 1077295
139802, 18248, 676736
25496, 14366, 191932
431502, 15087, 2252579
38879, 17252, 266398
576751, 21434, 2807801
1437, 454, 23292
112382, 15724, 720227
23756, 3202, 143546
23029, 6353, 153803
842251, 15004, 5081356
13298, 613, 95365
1009, 383, 34862
944, 311, 8478
5477, 940, 37445
130865, 16904, 777950
146838, 16306, 699078
69442, 17450, 446168
167115, 16714, 807459
40855, 15264, 266327
33696, 18738, 230153
101935, 4160, 626803
852591, 11803, 4755628
268810, 11523, 1578896
42949, 15009, 310203
44927, 8162, 249543
27608, 11764, 190503
8113, 1403, 79684
1176, 398, 9831
11955, 5586, 87282
423343, 18560, 2222206
35261, 8434, 230285
389577, 18954, 1737247
2665, 508, 30449
11458, 11368, 102815
285067, 18654, 1238054
237295, 18698, 1435416
8744, 1691, 64383
117230, 11706, 709495
554144, 19478, 2858378
40952, 11438, 271115
73354, 17750, 440133
44747, 14194, 295493
61649, 14146, 368182
31498, 4132, 190878
1586, 946, 20979
220877, 19324, 1262633
7512, 1049, 56008
1938, 1826, 19266
8904, 640, 57782
88979, 19194, 545274
1682, 500, 13249
6301, 2522, 47915
48286, 2616, 286231
732140, 8779, 3947503
396366, 18374, 2182841
73580, 2021, 470697
71666, 17280, 409292
6707, 1307, 47137
161050, 17832, 721813
33376, 10908, 217462
21031, 4713, 148922
35766, 13364, 236892
11786, 10414, 102817
92474, 17132, 587285
326725, 20480, 1873300
11756, 2713, 86154
110834, 16678, 677138
101865, 18504, 597812
450018, 22438, 2575113
141973, 19152, 762822
121600, 18432, 733066
535904, 7944, 3058961
429413, 17416, 2267894
12542, 613, 83900
349454, 6857, 2046072
49072, 1997, 285951
16874, 4511, 132141
75757, 13286, 464003
269340, 18198, 1575124
18903, 4978, 128823
986404, 13439, 5556433
213008, 19194, 1131365
1618, 245, 15884
555225, 21110, 2823006
65522, 9018, 427138
3251, 391, 23023
49838, 18139, 317561
22659, 13612, 171412
65914, 18856, 432505
208231, 14986, 1233936
241980, 18346, 1289558
5330, 988, 41409
141314, 10827, 835307
376109, 5481, 2173886
90950, 19202, 599450
41542, 11702, 267986
10157, 1999, 90649
166145, 13770, 893850
72494, 18348, 491743
331357, 18294, 1869263
199431, 17007, 1047592
142326, 15388, 812582
14461, 3616, 99173
175599, 19040, 850615
132808, 19180, 797793
19782, 10106, 179196
45411, 11328, 286569
118987, 11734, 766345
105017, 11666, 647403
1820, 418, 15414
4773, 1010, 32674
2978, 477, 20090
274703, 15511, 1469597
48472, 10470, 298320
26388, 14462, 191983
319847, 11075, 1742711
80750, 17120, 537076
37107, 9493, 239132
1164071, 15865, 6245729
108931, 17496, 728983
49597, 14183, 299506
94399, 17862, 541664
423508, 17058, 2424720
2998, 567, 54804
358501, 19752, 2055459
4737, 613, 40647
372144, 22160, 2126642
53521, 15012, 322148
47617, 14333, 300583
407714, 19200, 2117080
1811, 215, 21050
162749, 18120, 829406
2676, 1448, 26033
25601, 14468, 183710
1767, 231, 37762
440446, 19730, 1901138
5490, 810, 46525
236005, 18992, 1234270
89475, 18800, 463008
5408, 2016, 44001
16360, 8094, 115881
1137, 406, 9881
331480, 13604, 1906106
13063, 3341, 93936
237820, 17108, 1343270
9669, 4498, 78500
505562, 20062, 2908928
209045, 21506, 1239544
31678, 11640, 211667
328043, 19858, 1810760
378482, 20518, 2056499
496059, 7155, 2845190
1553, 646, 23112
18552, 6918, 127075
22630, 9386, 155843
36243, 13180, 238843
304175, 20596, 1550046
15402, 3203, 104977
66346, 17652, 373104
19491, 5590, 130261
28062, 1026, 188693
802112, 24474, 4846479
71392, 12834, 461530
1218, 182, 10721
32400, 14596, 219539
5013, 5644, 63012
971638, 16362, 5665786
231525, 19148, 1316686
1407, 624, 15398
21343, 7023, 142696
10090, 4944, 99886
216809, 18776, 1119345
293992, 19174, 1275308
429873, 17292, 2131308
37792, 13899, 254712
196133, 19536, 982231
13881, 8742, 112657
12604, 7344, 94502
12038, 3338, 90879
8372, 7510, 74327
928115, 15940, 5263610
88472, 14932, 526113
1608, 614, 53961
760263, 16322, 4444293
6772, 808, 59549
161951, 14406, 952718
59862, 17694, 386720
386286, 19670, 1809397
1871, 486, 21502
1024792, 23634, 4852250
2074, 452, 33379
935, 126, 7542
206560, 19888, 1230243
147034, 16472, 788593
885666, 13194, 5008846
12384, 6972, 112514
13689, 7122, 103059
13983, 3479, 91872
102825, 15518, 613694
369489, 22446, 2088966
123839, 11153, 702798
33421, 10365, 216233
4004, 2364, 33718
24759, 11238, 170832
37366, 12060, 239954
21190, 6389, 150146
1338455, 15008, 7291811
246262, 15157, 1385718
9048, 1989, 66221
85921, 2271, 554829
13185, 8022, 102494
115087, 18200, 706848
14001, 12310, 125572
180502, 18832, 991963
52190, 17752, 309668
714086, 21178, 3949918
291004, 18310, 1375880
158122, 20470, 791691
308068, 22796, 2090097
20932, 10490, 156301
12628, 2815, 98890
625720, 20696, 3090322
627152, 20968, 3536090
17139, 3756, 123447
2741, 555, 25525
16401, 4039, 109760
434732, 21058, 1882179
12814, 3295, 95047
388877, 14720, 2240014
48512, 17422, 297225
24044, 12804, 176288
452001, 17896, 2264751
139814, 16060, 758712
171774, 17056, 808260
22708, 14721, 170372
54637, 12848, 398660
78995, 13108, 505480
150264, 17345, 804584
16239, 11110, 130926
187480, 16950, 886403
39539, 17020, 250896
157294, 12853, 880598
40131, 9370, 253656
150938, 13318, 843273
11809, 3266, 84812
179358, 18956, 994486
162, 20, 4924
2935, 486, 20677
41542, 1617, 270231
449, 288, 12734
9519, 2816, 66511
1001486, 25772, 5476748
40706, 16841, 284631
45576, 1819, 278588
4841, 2384, 38182
783945, 8737, 4466004
162844, 18908, 789028
293495, 20476, 1330463
75198, 16736, 477024
151902, 18271, 776467
16865, 7546, 123850
890132, 16819, 4921596
986871, 15029, 5438689
14867, 6334, 121701
58632, 20378, 419443
2922, 674, 21952
467114, 19284, 2397320
1443, 454, 20427
34571, 16272, 235701
1419108, 15617, 8203011
69764, 16803, 422928
150331, 22200, 866098
491007, 22426, 2619916
94550, 14939, 552399
10457, 5306, 81140
46371, 16426, 294802
683147, 22918, 3426224
225506, 23032, 1325619
1178, 1814, 18768
28839, 4820, 174517
58202, 18874, 382395
408114, 21070, 2261642
72466, 17802, 384963
203184, 18780, 1239476
145869, 18386, 773038
42578, 16638, 282805
88388, 17249, 488699
112159, 20668, 706629
262341, 3825, 1543814
3664, 621, 35801
170344, 16268, 1010410
185982, 3329, 1114795
445571, 19244, 2471060
33586, 1609, 202901
588, 206, 17571
254629, 19534, 1352335
3453, 2252, 35382
100468, 18546, 585822
3233, 624, 25230
14224, 4754, 99180
204358, 18902, 1103855
87496, 12379, 544724
60814, 10889, 391518
28383, 12350, 194831
611222, 7576, 3474839
695072, 22562, 3367347
173895, 13334, 936433
13617, 5728, 99799
624233, 24304, 3918499
3244, 804, 37968
33274, 15423, 223796
38838, 6618, 229944
47512, 10943, 289892
17776, 11248, 138122
284929, 19290, 1371474
307990, 7670, 1753065
195705, 3383, 1168256
873127, 24856, 4727725
671913, 12264, 3784575
162900, 16646, 861905
22950, 12394, 169942
262980, 15271, 1340593
209075, 14614, 1131523
47159, 9231, 284932
74265, 16454, 463275
182339, 19006, 1008715
18151, 11934, 142816
168824, 18279, 838149
2531, 690, 20539
